한글	한자	표시 구절 수	검토 필요 구절 수	상태
백성	百姓	1627	0	자동 연결
자손	子孫	1402	0	자동 연결
제사장	祭司長	695	0	자동 연결
형제	兄弟	648	0	자동 연결
성읍	城邑	582	0	자동 연결
구원	救援	530	0	자동 연결
선지자	先知者	447	0	자동 연결
족속	族屬	423	0	자동 연결
지혜	智慧	413	0	자동 연결
영광	榮光	411	0	자동 연결
영원	永遠	349	0	자동 연결
사자	獅子	0	338	검토 필요 (동음이의어)
사자	使者	0	338	검토 필요 (동음이의어)
생명	生命	336	0	자동 연결
제자	弟子	315	0	자동 연결
지파	支派	307	0	자동 연결
언약	言約	294	0	자동 연결
증거	證據	286	0	자동 연결
세상	世上	280	0	자동 연결
율법	律法	276	0	자동 연결
은혜	恩惠	276	0	자동 연결
기도	祈禱	274	0	자동 연결
인자	仁慈	117	146	검토 필요 (동음이의어)
광야	曠野	258	0	자동 연결
번제	燔祭	252	0	자동 연결
자녀	子女	250	0	자동 연결
악인	惡人	244	0	자동 연결
인자	人子	94	146	검토 필요 (동음이의어)
장막	帳幕	226	0	자동 연결
원수	怨讐	220	0	자동 연결
찬송	讚頌	208	0	자동 연결
진노	震怒	205	0	자동 연결
포도	葡萄	203	0	자동 연결
항상	恒常	200	0	자동 연결
규례	規例	198	0	자동 연결
열방	列邦	196	0	자동 연결
평안	平安	193	0	자동 연결
진실	眞實	192	0	자동 연결
성령	聖靈	191	0	자동 연결
의인	義人	187	0	자동 연결
영혼	靈魂	183	0	자동 연결
장로	長老	182	0	자동 연결
속죄	贖罪	182	0	자동 연결
우상	偶像	179	0	자동 연결
포도주	葡萄酒	179	0	자동 연결
저주	詛呪	177	0	자동 연결
감사	感謝	176	0	자동 연결
멸망	滅亡	171	0	자동 연결
천사	天使	170	0	자동 연결
긍휼	矜恤	169	0	자동 연결
환난	患難	155	0	자동 연결
능력	能力	153	0	자동 연결
제사	祭祀	151	0	자동 연결
심판	審判	149	0	자동 연결
예언	豫言	144	0	자동 연결
이방인	異邦人	140	0	자동 연결
권세	權勢	140	0	자동 연결
안식일	安息日	134	0	자동 연결
성전	聖殿	129	0	자동 연결
교만	驕慢	127	0	자동 연결
지식	知識	125	0	자동 연결
계명	誡命	125	0	자동 연결
이방	異邦	121	0	자동 연결
사망	死亡	118	0	자동 연결
진리	眞理	115	0	자동 연결
시험	試驗	113	0	자동 연결
복음	福音	113	0	자동 연결
교회	敎會	109	0	자동 연결
율례	律例	109	0	자동 연결
고난	苦難	106	0	자동 연결
육체	肉體	105	0	자동 연결
화목	和睦	104	0	자동 연결
경배	敬拜	104	0	자동 연결
사도	使徒	101	0	자동 연결
평강	平康	101	0	자동 연결
귀신	鬼神	100	0	자동 연결
목자	牧者	99	0	자동 연결
권능	權能	98	0	자동 연결
할례	割禮	98	0	자동 연결
소망	所望	97	0	자동 연결
공의	公義	96	0	자동 연결
제물	祭物	95	0	자동 연결
축복	祝福	93	0	자동 연결
성도	聖徒	92	0	자동 연결
전파	傳播	91	0	자동 연결
순종	順從	89	0	자동 연결
세례	洗禮	88	0	자동 연결
성막	聖幕	82	0	자동 연결
찬양	讚揚	81	0	자동 연결
법도	法度	80	0	자동 연결
명철	明哲	76	0	자동 연결
만민	萬民	75	0	자동 연결
부모	父母	75	0	자동 연결
유월절	逾越節	73	0	자동 연결
십자가	十字架	72	0	자동 연결
죄인	罪人	71	0	자동 연결
증인	證人	71	0	자동 연결
심령	心靈	68	0	자동 연결
천하	天下	65	0	자동 연결
절기	節期	63	0	자동 연결
비유	比喩	61	0	자동 연결
장자	長子	60	0	자동 연결
감람	橄欖	59	0	자동 연결
제단	祭壇	58	0	자동 연결
금식	禁食	56	0	자동 연결
회개	悔改	56	0	자동 연결
후손	後孫	54	0	자동 연결
영생	永生	53	0	자동 연결
안식	安息	50	0	자동 연결
창조	創造	49	0	자동 연결
만물	萬物	47	0	자동 연결
천지	天地	46	0	자동 연결
자비	慈悲	43	0	자동 연결
이적	異蹟	42	0	자동 연결
부활	復活	40	0	자동 연결
충성	忠誠	38	0	자동 연결
천국	天國	37	0	자동 연결
마귀	魔鬼	34	0	자동 연결
선물	膳物	33	0	자동 연결
겸손	謙遜	32	0	자동 연결
태초	太初	14	0	자동 연결
제일	第一	14	0	자동 연결
예배	禮拜	10	0	자동 연결
독생자	獨生子	5	0	자동 연결
부족	不足	1	0	자동 연결