한자	훈음	구성원리(한자로드)	구성원리(기타)	자형	본문(한자로드)
恩	은혜 은	회의문자	네이버:형성문자	소전, 해서	恩자는 ‘은혜’나 ‘온정’이라는 뜻을 가진 글자이다. 恩자는 因(인할 인)자와 心(마음 심)자가 결합한 모습이다. 因자는 침대에 大(큰 대)로 누워있는 사람을 그린 것으로 ‘~로 인하여’나 ‘의지하다’라는 뜻을 갖고 있다. 이렇게 ‘의지하다’라는 뜻을 가진 因자에 心자를 결합한 恩자는 ‘의지(因)가 되는 마음(心)’이라는 뜻으로 만들어졌다. 恩자는 그러한 의미에서 ‘은혜’나 ‘온정’이라는 뜻을 갖게 되었다.
惠					(아직 받지 않음)
救					(아직 받지 않음)
援					(아직 받지 않음)
悔					(아직 받지 않음)
改					(아직 받지 않음)
永					(아직 받지 않음)
生					(아직 받지 않음)
天					(아직 받지 않음)
國					(아직 받지 않음)
聖					(아직 받지 않음)
靈					(아직 받지 않음)
福					(아직 받지 않음)
音					(아직 받지 않음)
十					(아직 받지 않음)
字					(아직 받지 않음)
架					(아직 받지 않음)
復					(아직 받지 않음)
活					(아직 받지 않음)
祈					(아직 받지 않음)
禱					(아직 받지 않음)
讚					(아직 받지 않음)
頌					(아직 받지 않음)
揚					(아직 받지 않음)
榮					(아직 받지 않음)
光					(아직 받지 않음)
所					(아직 받지 않음)
望					(아직 받지 않음)
平					(아직 받지 않음)
康					(아직 받지 않음)
安					(아직 받지 않음)
眞					(아직 받지 않음)
理					(아직 받지 않음)
命					(아직 받지 않음)
遠					(아직 받지 않음)
世					(아직 받지 않음)
上					(아직 받지 않음)
地					(아직 받지 않음)
下					(아직 받지 않음)
創					(아직 받지 않음)
造					(아직 받지 않음)
太					(아직 받지 않음)
初					(아직 받지 않음)
萬					(아직 받지 않음)
物					(아직 받지 않음)
民					(아직 받지 않음)
列					(아직 받지 않음)
邦					(아직 받지 않음)
獨					(아직 받지 않음)
子					(아직 받지 않음)
殿					(아직 받지 않음)
幕					(아직 받지 않음)
帳					(아직 받지 않음)
祭					(아직 받지 않음)
壇					(아직 받지 않음)
祀					(아직 받지 않음)
司					(아직 받지 않음)
長					(아직 받지 않음)
燔					(아직 받지 않음)
贖					(아직 받지 않음)
罪					(아직 받지 않음)
先					(아직 받지 않음)
知					(아직 받지 않음)
者					(아직 받지 않음)
豫					(아직 받지 않음)
言					(아직 받지 않음)
律					(아직 받지 않음)
法					(아직 받지 않음)
例					(아직 받지 않음)
規					(아직 받지 않음)
度					(아직 받지 않음)
誡					(아직 받지 않음)
約					(아직 받지 않음)
節					(아직 받지 않음)
期					(아직 받지 않음)
逾					(아직 받지 않음)
越					(아직 받지 않음)
息					(아직 받지 않음)
日					(아직 받지 않음)
割					(아직 받지 않음)
禮					(아직 받지 않음)
洗					(아직 받지 않음)
禁					(아직 받지 않음)
食					(아직 받지 않음)
拜					(아직 받지 않음)
敬					(아직 받지 않음)
感					(아직 받지 않음)
謝					(아직 받지 않음)
祝					(아직 받지 않음)
詛					(아직 받지 않음)
呪					(아직 받지 않음)
審					(아직 받지 않음)
判					(아직 받지 않음)
震					(아직 받지 않음)
怒					(아직 받지 않음)
矜					(아직 받지 않음)
恤					(아직 받지 않음)
慈					(아직 받지 않음)
悲					(아직 받지 않음)
仁					(아직 받지 않음)
人					(아직 받지 않음)
公					(아직 받지 않음)
義					(아직 받지 않음)
實					(아직 받지 않음)
忠					(아직 받지 않음)
誠					(아직 받지 않음)
順					(아직 받지 않음)
從					(아직 받지 않음)
謙					(아직 받지 않음)
遜					(아직 받지 않음)
驕					(아직 받지 않음)
慢					(아직 받지 않음)
偶					(아직 받지 않음)
像					(아직 받지 않음)
智					(아직 받지 않음)
慧					(아직 받지 않음)
明					(아직 받지 않음)
哲					(아직 받지 않음)
識					(아직 받지 않음)
能					(아직 받지 않음)
力					(아직 받지 않음)
權					(아직 받지 않음)
勢					(아직 받지 않음)
異					(아직 받지 않음)
蹟					(아직 받지 않음)
使					(아직 받지 않음)
獅					(아직 받지 않음)
徒					(아직 받지 않음)
弟					(아직 받지 않음)
敎					(아직 받지 않음)
會					(아직 받지 않음)
老					(아직 받지 않음)
百					(아직 받지 않음)
姓					(아직 받지 않음)
族					(아직 받지 않음)
屬					(아직 받지 않음)
支					(아직 받지 않음)
派					(아직 받지 않음)
城					(아직 받지 않음)
邑					(아직 받지 않음)
曠					(아직 받지 않음)
野					(아직 받지 않음)
兄					(아직 받지 않음)
女					(아직 받지 않음)
父					(아직 받지 않음)
母					(아직 받지 않음)
孫					(아직 받지 않음)
後					(아직 받지 않음)
怨					(아직 받지 않음)
讐					(아직 받지 않음)
惡					(아직 받지 않음)
死					(아직 받지 않음)
亡					(아직 받지 않음)
滅					(아직 받지 않음)
魂					(아직 받지 않음)
肉					(아직 받지 않음)
體					(아직 받지 않음)
心					(아직 받지 않음)
患					(아직 받지 않음)
難					(아직 받지 않음)
苦					(아직 받지 않음)
試					(아직 받지 않음)
驗					(아직 받지 않음)
魔					(아직 받지 않음)
鬼					(아직 받지 않음)
神					(아직 받지 않음)
證					(아직 받지 않음)
據					(아직 받지 않음)
比					(아직 받지 않음)
喩					(아직 받지 않음)
牧					(아직 받지 않음)
膳					(아직 받지 않음)
恒					(아직 받지 않음)
常					(아직 받지 않음)
第					(아직 받지 않음)
一					(아직 받지 않음)
傳					(아직 받지 않음)
播					(아직 받지 않음)
和					(아직 받지 않음)
睦					(아직 받지 않음)
橄					(아직 받지 않음)
欖					(아직 받지 않음)
葡					(아직 받지 않음)
萄					(아직 받지 않음)
酒					(아직 받지 않음)
