구절 id	구절	한글	한자 후보	본문
GEN-16-7	창세기 16:7	사자	使者 / 獅子	여호와의 사자가 광야의 샘곁 곧 술 길 샘물 곁에서 그를 만나
GEN-16-9	창세기 16:9	사자	使者 / 獅子	여호와의 사자가 그에게 이르되 네 여주인에게로 돌아가서 그 수하에 복종하라
GEN-16-10	창세기 16:10	사자	使者 / 獅子	여호와의 사자가 또 그에게 이르되 내가 네 자손으로 크게 번성하여 그 수가 많아 셀 수 없게 하리라
GEN-16-11	창세기 16:11	사자	使者 / 獅子	여호와의 사자가 또 그에게 이르되 네가 잉태하였은즉 아들을 낳으리니 그 이름을 이스마엘이라 하라 이는 여호와께서 네 고통을 들으셨음이니라
GEN-19-16	창세기 19:16	인자	仁慈 / 人子	그러나 롯이 지체하매 그 사람들이 롯의 손과 그 아내의 손과 두 딸의 손을 잡아 인도하여 성밖에 두니 여호와께서 그에게 인자를 더하심이었더라
GEN-19-19	창세기 19:19	인자	仁慈 / 人子	종이 주께 은혜를 얻었고 주께서 큰 인자를 내게 베푸사 내 생명을 구원하시오나 내가 도망하여 산까지 갈 수 없나이다 두렵건대 재앙을 만나 죽을까 하나이다
GEN-21-17	창세기 21:17	사자	使者 / 獅子	하나님이 그 아이의 소리를 들으시므로 하나님의 사자가 하늘에서부터 하갈을 불러 가라사대 하갈아 무슨 일이냐 두려워 말라 하나님이 저기 있는 아이의 소리를 들으셨나니
GEN-22-11	창세기 22:11	사자	使者 / 獅子	여호와의 사자가 하늘에서부터 그를 불러 가라사대 아브라함아 아브라함아 하시는지라 아브라함이 가로되 내가 여기 있나이다 하매
GEN-22-12	창세기 22:12	사자	使者 / 獅子	사자가 가라사대 그 아이에게 네 손을 대지 말라 아무 일도 그에게 하지 말라 네가 네 아들 네 독자라도 내게 아끼지 아니하였으니 내가 이제야 네가 하나님을 경외하는 줄을 아노라
GEN-22-15	창세기 22:15	사자	使者 / 獅子	여호와의 사자가 하늘에서부터 두번째 아브라함을 불러
GEN-24-7	창세기 24:7	사자	使者 / 獅子	하늘의 하나님 여호와께서 나를 내 아버지의 집과 내 본토에서 떠나게 하시고 내게 말씀하시며 내게 맹세하여 이르시기를 이 땅을 네 씨에게 주리라 하셨으니 그가 그 사자를 네 앞서 보내실찌라 네가 거기서 내 아들을 위하여 아내를 택할찌니라
GEN-24-27	창세기 24:27	인자	仁慈 / 人子	가로되 나의 주인 아브라함의 하나님 여호와를 찬송하나이다 나의 주인에게 주의 인자와 성실을 끊이지 아니하셨사오며 여호와께서 길에서 나를 인도하사 내 주인의 동생집에 이르게 하셨나이다 하니라
GEN-24-40	창세기 24:40	사자	使者 / 獅子	주인이 내게 이르되 나의 섬기는 여호와께서 그 사자를 너와 함께 보내어 네게 평탄한 길을 주시리니 너는 내 족속 중 내 아비 집에서 내 아들을 위하여 아내를 택할 것이니라
GEN-24-49	창세기 24:49	인자	仁慈 / 人子	이제 당신들이 인자와 진실로 나의 주인을 대접하려거든 내게 고하시고 그렇지 않을찌라도 내게 고하여 나로 좌우간 행하게 하소서
GEN-28-12	창세기 28:12	사자	使者 / 獅子	꿈에 본즉 사닥다리가 땅위에 섰는데 그 꼭대기가 하늘에 닿았고 또 본즉 하나님의 사자가 그 위에서 오르락 내리락하고
GEN-31-11	창세기 31:11	사자	使者 / 獅子	꿈에 하나님의 사자가 내게 말씀하시기를 야곱아 하기로 내가 대답하기를 여기 있나이다 하매
GEN-32-1	창세기 32:1	사자	使者 / 獅子	야곱이 그 길을 진행하더니 하나님의 사자들이 그를 만난지라
GEN-32-3	창세기 32:3	사자	使者 / 獅子	야곱이 세일 땅 에돔 들에 있는 형 에서에게로 사자들을 자기보다 앞서 보내며
GEN-32-6	창세기 32:6	사자	使者 / 獅子	사자들이 야곱에게 돌아와 가로되 우리가 주인의 형 에서에게 이른즉 그가 사백인을 거느리고 주인을 만나려고 오더이다
GEN-39-21	창세기 39:21	인자	仁慈 / 人子	여호와께서 요셉과 함께하시고 그에게 인자를 더하사 전옥에게 은혜를 받게 하시매
GEN-48-16	창세기 48:16	사자	使者 / 獅子	나를 모든 환난에서 건지신 사자께서 이 아이에게 복을 주시오며 이들로 내 이름과 내 조부 아브라함과 아버지 이삭의 이름으로 칭하게 하시오며 이들로 세상에서 번식되게 하시기를 원하나이다
GEN-49-9	창세기 49:9	사자	使者 / 獅子	유다는 사자 새끼로다 내 아들아 너는 움킨 것을 찢고 올라 갔도다 그의 엎드리고 웅크림이 수사자 같고 암사자 같으니 누가 그를 범할 수 있으랴
EXO-3-2	출애굽기 3:2	사자	使者 / 獅子	여호와의 사자가 떨기나무 불꽃 가운데서 그에게 나타나시니라 그가 보니 떨기나무에 불이 붙었으나 사라지지 아니하는지라
EXO-14-19	출애굽기 14:19	사자	使者 / 獅子	이스라엘 진 앞에 행하던 하나님의 사자가 옮겨 그 뒤로 행하매 구름 기둥도 앞에서 그 뒤로 옮겨
EXO-23-20	출애굽기 23:20	사자	使者 / 獅子	내가 사자를 네 앞서 보내어 길에서 너를 보호하여 너로 내가 예비한 곳에 이르게 하리니
EXO-23-23	출애굽기 23:23	사자	使者 / 獅子	나의 사자가 네 앞서 가서 너를 아모리 사람과 헷 사람과 브리스 사람과 가나안 사람과 히위 사람과 여부스 사람에게로 인도하고 나는 그들을 끊으리니
EXO-32-34	출애굽기 32:34	사자	使者 / 獅子	이제 가서 내가 네게 말한 곳으로 백성을 인도하라 내 사자가 네 앞서 가리라 그러나 내가 보응할 날에는 그들의 죄를 보응하리라
EXO-33-2	출애굽기 33:2	사자	使者 / 獅子	내가 사자를 네 앞서 보내어 가나안 사람과 아모리 사람과 헷 사람과 브리스 사람과 히위 사람과 여부스 사람을 쫓아내고
EXO-34-6	출애굽기 34:6	인자	仁慈 / 人子	여호와께서 그의 앞으로 지나시며 반포하시되 여호와로라 여호와로라 자비롭고 은혜롭고 노하기를 더디하고 인자와 진실이 많은 하나님이로라
EXO-34-7	출애굽기 34:7	인자	仁慈 / 人子	인자를 천대까지 베풀며 악과 과실과 죄를 용서하나 형벌 받을 자는 결단코 면죄하지 않고 아비의 악을 자여손 삼 사대까지 보응하리라
NUM-14-18	민수기 14:18	인자	仁慈 / 人子	여호와는 노하기를 더디하고 인자가 많아 죄악과 과실을 사하나 형벌 받을 자는 결단코 사하지 아니하고 아비의 죄악을 자식에게 갚아 삼사대까지 이르게 하리라 하셨나이다
NUM-14-19	민수기 14:19	인자	仁慈 / 人子	구하옵나니 주의 인자의 광대하심을 따라 이 백성의 죄악을 사하시되 애굽에서부터 지금까지 이 백성을 사하신 것 같이 사하옵소서
NUM-20-14	민수기 20:14	사자	使者 / 獅子	모세가 가데스에서 에돔 왕에게 사자를 보내며 이르되 당신의 형제 이스라엘의 말에 우리의 당한 모든 고난을 당신도 아시거니와
NUM-21-21	민수기 21:21	사자	使者 / 獅子	이스라엘이 아모리 왕 시혼에게 사자를 보내어 가로되
NUM-22-5	민수기 22:5	사자	使者 / 獅子	그가 사자를 브올의 아들 발람의 본향 강변 브돌에 보내어 발람을 부르게 하여 가로되 보라 한 민족이 애굽에서 나왔는데 그들이 지면에 덮여서 우리 맞은편에 거하였고
NUM-22-22	민수기 22:22	사자	使者 / 獅子	그가 행함을 인하여 하나님이 진노하심으로 여호와의 사자가 그를 막으려고 길에 서니라 발람은 자기 나귀를 타고 그 두 종은 그와 함께 있더니
NUM-22-23	민수기 22:23	사자	使者 / 獅子	나귀가 여호와의 사자가 칼을 빼어 손에 들고 길에 선 것을 보고 길에서 떠나 밭으로 들어간지라 발람이 나귀를 길로 돌이키려고 채찍질하니
NUM-22-24	민수기 22:24	사자	使者 / 獅子	여호와의 사자는 포도원 사이 좁은 길에 섰고 좌우에는 담이 있더라
NUM-22-25	민수기 22:25	사자	使者 / 獅子	나귀가 여호와의 사자를 보고 몸을 담에 대고 발람의 발을 그 담에 비비어 상하게 하매 발람이 다시 채찍질하니
NUM-22-26	민수기 22:26	사자	使者 / 獅子	여호와의 사자가 더 나아가서 좌우로 피할데 없는 좁은 곳에 선지라
NUM-22-27	민수기 22:27	사자	使者 / 獅子	나귀가 여호와의 사자를 보고 발람의 밑에 엎드리니 발람이 노하여 자기 지팡이로 나귀를 때리는지라
NUM-22-31	민수기 22:31	사자	使者 / 獅子	때에 여호와께서 발람의 눈을 밝히시매 여호와의 사자가 손에 칼을 빼어들고 길에 선 것을 보고 머리를 숙이고 엎드리니
NUM-22-32	민수기 22:32	사자	使者 / 獅子	여호와의 사자가 그에게 이르되 너는 어찌하여 네 나귀를 이같이 세번 때렸느냐 보라 네 길이 내 앞에 패역하므로 내가 너를 막으려고 나왔더니
NUM-22-34	민수기 22:34	사자	使者 / 獅子	발람이 여호와의 사자에게 말씀하되 내가 범죄하였나이다 당신이 나를 막으려고 길에 서신줄을 내가 알지 못하였나이다 당신이 이를 기뻐하지 아니하시면 나는 돌아가겠나이다
NUM-22-35	민수기 22:35	사자	使者 / 獅子	여호와의 사자가 발람에게 이르되 그 사람들과 함께 가라 내가 네게 이르는 말만 말할찌니라 발람이 발락의 귀족들과 함께 가니라
NUM-23-19	민수기 23:19	인자	仁慈 / 人子	하나님은 인생이 아니시니 식언치 않으시고 인자가 아니시니 후회가 없으시도다 어찌 그 말씀하신 바를 행치 않으시며 하신 말씀을 실행치 않으시랴
NUM-24-12	민수기 24:12	사자	使者 / 獅子	발람이 발락에게 이르되 당신이 내게 보낸 사자들에게 내가 고하여 이르지 아니하였나이까
DEU-2-26	신명기 2:26	사자	使者 / 獅子	내가 그데못 광야에서 헤스본 왕 시혼에게 사자를 보내어 평화의 말로 이르기를
DEU-33-22	신명기 33:22	사자	使者 / 獅子	단에 대하여는 일렀으되 단은 바산에서 뛰어나오는 사자의 새끼로다
JOS-6-17	여호수아 6:17	사자	使者 / 獅子	이 성과 그 가운데 모든 물건은 여호와께 바치되 기생 라합과 무릇 그 집에 동거하는 자는 살리라 이는 그가 우리의 보낸 사자를 숨겼음이니라
JOS-6-25	여호수아 6:25	사자	使者 / 獅子	여호수아가 기생 라합과 그 아비의 가족과 그에게 속한 모든 것을 살렸으므로 그가 오늘날까지 이스라엘 중에 거하였으니 이는 여호수아가 여리고를 탐지하려고 보낸 사자를 숨겼음이었더라
JOS-7-22	여호수아 7:22	사자	使者 / 獅子	이에 여호수아가 사자를 보내매 그의 장막에 달려가 본즉 물건이 그의 장막 안에 감취었는데 은은 그 밑에 있는지라
JDG-2-1	사사기 2:1	사자	使者 / 獅子	여호와의 사자가 길갈에서부터 보김에 이르러 가로되 내가 너희로 애굽에서 나오게 하고 인도하여 너희 열조에게 맹세한 땅으로 이끌어 왔으며 또 내가 이르기를 내가 너희에게 세운 언약을 영원히 어기지 아니하리니
JDG-2-4	사사기 2:4	사자	使者 / 獅子	여호와의 사자가 이스라엘 모든 자손에게 이 말씀을 이르매 백성이 소리를 높여 운지라
JDG-5-23	사사기 5:23	사자	使者 / 獅子	여호와의 사자의 말씀에 메로스를 저주하라 너희가 거듭 거듭 그 거민을 저주할 것은 그들이 와서 여호와를 돕지 아니하며 여호와를 도와 용사를 치지 아니함이니라 하시도다
JDG-6-11	사사기 6:11	사자	使者 / 獅子	여호와의 사자가 아비에셀 사람 요아스에게 속한 오브라에 이르러 상수리나무 아래 앉으니라 마침 요아스의 아들 기드온이 미디안 사람에게 알리지 아니하려 하여 밀을 포도주 틀에서 타작하더니
JDG-6-12	사사기 6:12	사자	使者 / 獅子	여호와의 사자가 기드온에게 나타나 이르되 큰 용사여 여호와께서 너와 함께 계시도다
JDG-6-20	사사기 6:20	사자	使者 / 獅子	하나님의 사자가 그에게 이르되 고기와 무교전병을 가져 이 반석 위에 두고 그 위에 국을 쏟으라 기드온이 그대로 하니
JDG-6-21	사사기 6:21	사자	使者 / 獅子	여호와의 사자가 손에 잡은 지팡이 끝을 내밀어 고기와 무교전병에 대매 불이 반석에서 나와 고기와 무교전병을 살랐고 여호와의 사자는 떠나서 보이지 아니한지라
JDG-6-22	사사기 6:22	사자	使者 / 獅子	기드온이 그가 여호와의 사자인줄 알고 가로되 슬프도소이다 주 여호와여 내가 여호와의 사자를 대면하여 보았나이다
JDG-6-35	사사기 6:35	사자	使者 / 獅子	기드온이 또 사자를 온 므낫세에 두루 보내매 그들도 모여서 그를 좇고 또 사자를 아셀과 스불론과 납달리에 보내매 그 무리도 올라와서 그를 영접하더라
JDG-7-24	사사기 7:24	사자	使者 / 獅子	기드온이 사자를 보내어 에브라임 온 산지로 두루 행하게 하여 이르기를 내려와서 미디안 사람을 치고 그들을 앞질러 벧 바라와 요단에 이르기까지 나루턱을 취하라 하매 이에 에브라임 사람들이 다 모여서 벧 바라와 요단에 이르기까지 그 나루턱을 취하고
JDG-9-31	사사기 9:31	사자	使者 / 獅子	사자를 아비멜렉에게 가만히 보내어 가로되 보소서 에벳의 아들 가알과 그 형제가 세겜에 이르러 성읍 무리를 충동하여 당신을 대적하게 하나니
JDG-11-12	사사기 11:12	사자	使者 / 獅子	입다가 암몬 자손의 왕에게 사자를 보내어 이르되 네가 나와 무슨 상관이 있기에 내 땅을 치러 내게 왔느냐
JDG-11-13	사사기 11:13	사자	使者 / 獅子	암몬 자손의 왕이 입다의 사자에게 대답하되 이스라엘이 애굽에서 올라올 때에 아르논에서부터 얍복과 요단까지 내 땅을 취한 연고니 이제 그것을 화평히 다시 돌리라
JDG-11-14	사사기 11:14	사자	使者 / 獅子	입다가 암몬 자손의 왕에게 다시 사자를 보내어
JDG-11-17	사사기 11:17	사자	使者 / 獅子	이스라엘이 사자를 에돔 왕에게 보내어 이르기를 청컨대 나를 용납하여 네 땅 가운데로 지나게 하라 하였으나 에돔 왕이 이를 듣지 아니하였고 또 그같이 사람을 모압 왕에게 보내었으나 그도 허락지 아니하므로 이스라엘이 가데스에 유하였더니
JDG-11-19	사사기 11:19	사자	使者 / 獅子	이스라엘이 헤스본 왕 곧 아모리 왕 시혼에게 사자를 보내어 그에게 이르되 청컨대 우리를 용납하여 당신의 땅으로 지나 우리 곳에 이르게 하라 하였으나
JDG-13-3	사사기 13:3	사자	使者 / 獅子	여호와의 사자가 그 여인에게 나타나시고 그에게 이르시되 보라 네가 본래 잉태하지 못하므로 생산치 못하였으나 이제 잉태하여 아들을 낳으리니
JDG-13-6	사사기 13:6	사자	使者 / 獅子	이에 그 여인이 가서 그 남편에게 고하여 가로되 하나님의 사람이 내게 임하였는데 그 용모가 하나님의 사자의 용모 같아서 심히 두려우므로 어디서부터 온 것을 내가 묻지 못하였고 그도 자기 이름을 내게 이르지 아니하였으며
JDG-13-9	사사기 13:9	사자	使者 / 獅子	하나님이 마노아의 목소리를 들으시니라 여인이 밭에 앉았을 때에 하나님의 사자가 다시 그에게 임하셨으나 그 남편 마노아는 함께 있지 아니한지라
JDG-13-13	사사기 13:13	사자	使者 / 獅子	여호와의 사자가 마노아에게 이르시되 내가 여인에게 말한것들을 그가 다 삼가서
JDG-13-15	사사기 13:15	사자	使者 / 獅子	마노아가 여호와의 사자에게 말씀하되 구하옵나니 당신은 우리에게 머물러서 우리가 당신을 위하여 염소 새끼 하나를 준비하게 하소서
JDG-13-16	사사기 13:16	사자	使者 / 獅子	여호와의 사자가 마노아에게 이르시되 네가 비록 나를 머물리나 내가 너의 식물을 먹지 아니하리라 번제를 준비하려거든 마땅히 여호와께 드릴찌니라 하니 이는 마노아가 여호와의 사자인줄 알지 못함을 인함이었더라
JDG-13-17	사사기 13:17	사자	使者 / 獅子	마노아가 또 여호와의 사자에게 말씀하되 당신의 이름이 무엇이니이까 당신의 말씀이 이룰 때에 우리가 당신을 존숭하리이다
JDG-13-18	사사기 13:18	사자	使者 / 獅子	여호와의 사자가 그에게 이르시되 어찌하여 이를 묻느냐 내 이름은 기묘니라
JDG-13-19	사사기 13:19	사자	使者 / 獅子	이에 마노아가 염소 새끼 하나와 소제물을 취하여 반석 위에서 여호와께 드리매 사자가 이적을 행한지라 마노아와 그 아내가 본즉
JDG-13-20	사사기 13:20	사자	使者 / 獅子	불꽃이 단에서부터 하늘로 올라가는 동시에 여호와의 사자가 단 불꽃 가운데로 좇아 올라간지라 마노아와 그 아내가 이것을 보고 얼굴을 땅에 대고 엎드리니라
JDG-13-21	사사기 13:21	사자	使者 / 獅子	여호와의 사자가 마노아와 그 아내에게 다시 나타나지 아니하니 마노아가 이에 그가 여호와의 사자인줄 알고
JDG-14-5	사사기 14:5	사자	使者 / 獅子	삼손이 그 부모와 함께 딤나에 내려가서 딤나의 포도원에 이른즉 어린 사자가 그를 맞아 소리 지르는지라
JDG-14-6	사사기 14:6	사자	使者 / 獅子	삼손이 여호와의 신에게 크게 감동되어 손에 아무 것도 없어도 그 사자를 염소 새끼를 찢음 같이 찢었으나 그는 그 행한 일을 부모에게도 고하지 아니하였고
JDG-14-8	사사기 14:8	사자	使者 / 獅子	얼마 후에 삼손이 그 여자를 취하려고 다시 가더니 돌이켜 그 사자의 주검을 본즉 사자의 몸에 벌떼와 꿀이 있는지라
JDG-14-9	사사기 14:9	사자	使者 / 獅子	손으로 그 꿀을 취하여 행하며 먹고 그 부모에게 이르러 그들에게 그것을 드려서 먹게 하였으나 그 꿀을 사자의 몸에서 취하였다고는 고하지 아니하였더라
JDG-14-18	사사기 14:18	사자	使者 / 獅子	제 칠일 해 지기 전에 성읍 사람들이 삼손에게 이르되 무엇이 꿀보다 달겠으며 무엇이 사자보다 강하겠느냐 한지라 삼손이 그들에게 대답하되 너희가 내 암송아지로 밭갈지 아니하였더면 나의 수수께끼를 능히 풀지 못하였으리라 하니라
1SA-6-21	사무엘상 6:21	사자	使者 / 獅子	사자들을 기럇여아림 거민에게 보내어 가로되 블레셋 사람이 여호와의 궤를 도로 가져왔으니 너희는 내려와서 그것을 너희에게로 옮겨가라
1SA-11-3	사무엘상 11:3	사자	使者 / 獅子	야베스 장로들이 이르되 우리에게 이레 유예를 주어 우리로 이스라엘 온 지경에 사자를 보내게 하라 우리를 구원할 자가 없으면 네게 나아가리라 하니라
1SA-11-4	사무엘상 11:4	사자	使者 / 獅子	이에 사자가 사울의 기브아에 이르러 이 말을 백성에게 고하매 모든 백성이 소리를 높여 울더니
1SA-11-7	사무엘상 11:7	사자	使者 / 獅子	한 겨리 소를 취하여 각을 뜨고 사자의 손으로 그것을 이스라엘 모든 지경에 두루 보내어 가로되 누구든지 나와서 사울과 사무엘을 좇지 아니하면 그 소들도 이와 같이 하리라 하였더니 여호와의 두려움이 백성에게 임하매 그들이 한 사람 같이 나온지라
1SA-11-9	사무엘상 11:9	사자	使者 / 獅子	무리가 온 사자들에게 이르되 너희는 길르앗 야베스 사람에게 이같이 이르기를 내일 해가 더울 때에 너희가 구원을 얻으리라 하라 사자들이 돌아가서 야베스 사람들에게 고하매 그들이 기뻐하니라
1SA-16-19	사무엘상 16:19	사자	使者 / 獅子	사울이 이에 사자를 이새에게 보내어 이르되 양 치는 네 아들 다윗을 내게로 보내라 하매
1SA-17-34	사무엘상 17:34	사자	使者 / 獅子	다윗이 사울에게 고하되 주의 종이 아비의 양을 지킬 때에 사자나 곰이 와서 양떼에서 새끼를 움키면
1SA-17-36	사무엘상 17:36	사자	使者 / 獅子	주의 종이 사자와 곰도 쳤은즉 사시는 하나님의 군대를 모욕한 이 할례 없는 블레셋 사람이리이까 그가 그 짐승의 하나와 같이 되리이다
1SA-17-37	사무엘상 17:37	사자	使者 / 獅子	또 가로되 여호와께서 나를 사자의 발톱과 곰의 발톱에서 건져내셨은즉 나를 이 블레셋 사람의 손에서도 건져 내시리이다 사울이 다윗에게 이르되 가라 여호와께서 너와 함께 계시기를 원하노라
1SA-19-11	사무엘상 19:11	사자	使者 / 獅子	사울이 사자들을 다윗의 집에 보내어 그를 지키다가 아침에 그를 죽이게 하려 한지라 다윗의 아내 미갈이 다윗에게 일러 가로되 당신이 이 밤에 당신의 생명을 구하지 아니하면 내일에는 죽임을 당하리라 하고
1SA-19-14	사무엘상 19:14	사자	使者 / 獅子	사울이 사자들을 보내어 다윗을 잡으려 하매 미갈이 가로되 그가 병들었느니라
1SA-19-15	사무엘상 19:15	사자	使者 / 獅子	사울이 또 사자들을 보내어 다윗을 보라 하며 이르되 그를 침상채 내게로 가져오라 내가 그를 죽이리라
1SA-19-16	사무엘상 19:16	사자	使者 / 獅子	사자들이 들어가 본즉 침상에 우상이 있고 염소털로 엮은 것이 그 머리에 있었더라
1SA-19-20	사무엘상 19:20	사자	使者 / 獅子	사울이 다윗을 잡으려 사자들을 보내었더니 그들이 선지자 무리의 예언하는 것과 사무엘이 그들의 수령으로 선 것을 볼 때에 하나님의 신이 사울의 사자들에게 임하매 그들도 예언을 한지라
1SA-19-21	사무엘상 19:21	사자	使者 / 獅子	혹이 그것을 사울에게 고하매 사울이 다른 사자들을 보내었더니 그들도 예언을 한고로 사울이 세번째 다시 사자들을 보내었더니 그들도 예언을 한지라
1SA-20-14	사무엘상 20:14	인자	仁慈 / 人子	너는 나의 사는 날 동안에 여호와의 인자를 내게 베풀어서 나로 죽지 않게 할뿐 아니라
1SA-20-15	사무엘상 20:15	인자	仁慈 / 人子	여호와께서 너 다윗의 대적들을 지면에서 다 끊어버리신 때에도 너는 네 인자를 내 집에서 영영히 끊어 버리지 말라 하고
1SA-23-27	사무엘상 23:27	사자	使者 / 獅子	사자가 사울에게 와서 가로되 급히 오소서 블레셋 사람이 땅을 침로하나이다
1SA-25-14	사무엘상 25:14	사자	使者 / 獅子	소년 중 하나가 나발의 아내 아비가일에게 고하여 가로되 다윗이 우리 주인에게 문안하러 광야에서 사자들을 보내었거늘 주인이 그들을 수욕하였나이다
1SA-25-42	사무엘상 25:42	사자	使者 / 獅子	급히 일어나서 나귀를 타고 따르는 처녀 다섯과 함께 다윗의 사자들을 따라가서 다윗의 아내가 되니라
1SA-26-19	사무엘상 26:19	인자	仁慈 / 人子	청컨대 내 주 왕은 이제 종의 말을 들으소서 만일 왕을 격동시켜 나를 해하려 하는 이가 여호와시면 여호와께서는 제물을 받으시기를 원하나이다마는 만일 인자들이면 그들이 여호와 앞에 저주를 받으리니 이는 그들이 이르기를 너는 가서 다른 신들을 섬기라 하고 오늘날 나를 쫓아내어 여호와의 기업에 붙지 못하게 함이니이다
1SA-29-9	사무엘상 29:9	사자	使者 / 獅子	아기스가 다윗에게 대답하여 가로되 네가 내 목전에 하나님의 사자 같이 선한 것을 내가 아나 블레셋 사람의 방백들은 말하기를 그가 우리와 함께 전장에 올라가지 못하리라 하니
2SA-1-23	사무엘하 1:23	사자	使者 / 獅子	사울과 요나단이 생전에 사랑스럽고 아름다운 자러니 죽을 때에도 서로 떠나지 아니하였도다 저희는 독수리보다 빠르고 사자보다 강하였도다
2SA-2-5	사무엘하 2:5	사자	使者 / 獅子	다윗이 길르앗 야베스 사람들에게 사자들을 보내어 가로되 너희가 너희 주 사울에게 이처럼 은혜를 베풀어 장사하였으니 여호와께 복을 받을찌어다
2SA-3-12	사무엘하 3:12	사자	使者 / 獅子	아브넬이 자기를 대신하여 사자들을 다윗에게 보내어 가로되 이 땅이 뉘 것이니이까 또 가로되 당신은 나로 더불어 언약하사이다 내 손이 당신을 도와 온 이스라엘로 당신에게 돌아가게 하리이다
2SA-3-14	사무엘하 3:14	사자	使者 / 獅子	사울의 아들 이스보셋에게 사자들을 보내어 이르되 내 처 미갈을 내게로 돌리라 저는 내가 전에 블레셋 사람의 양피 일백으로 정혼한 자니라
2SA-3-26	사무엘하 3:26	사자	使者 / 獅子	이에 다윗에게서 나와서 사자들을 보내어 아브넬을 쫓아가게 하였더니 시라 우물 가에서 저를 데리고 돌아왔으나 다윗은 알지 못하였더라
2SA-5-11	사무엘하 5:11	사자	使者 / 獅子	두로 왕 히람이 다윗에게 사자들과 백향목과 목수와 석수를 보내매 저희가 다윗을 위하여 집을 지으니
2SA-11-4	사무엘하 11:4	사자	使者 / 獅子	다윗이 사자를 보내어 저를 자기에게로 데려 오게 하고 저가 그 부정함을 깨끗케 하였으므로 더불어 동침하매 저가 자기 집으로 돌아가니라
2SA-11-19	사무엘하 11:19	사자	使者 / 獅子	그 사자에게 명하여 가로되 전쟁의 모든 일을 네가 왕께 고하기를 마친 후에
2SA-11-22	사무엘하 11:22	사자	使者 / 獅子	사자가 가서 다윗에게 이르러 요압의 모든 보낸 일을 고하여
2SA-11-25	사무엘하 11:25	사자	使者 / 獅子	다윗이 사자에게 이르되 너는 요압에게 이같이 말하기를 이 일로 걱정하지 말라 칼은 이 사람이나 저 사람이나 죽이느니라 그 성을 향하여 더욱 힘써 싸워 함락시키라 하여 너는 저를 담대케 하라 하니라
2SA-12-27	사무엘하 12:27	사자	使者 / 獅子	사자를 다윗에게 보내어 가로되 내가 랍바 곧 물들의 성을 쳐서 취하게 되었으니
2SA-14-7	사무엘하 14:7	사자	使者 / 獅子	온 족속이 일어나서 왕의 계집종 나를 핍박하여 말하기를 그 동생을 죽인 자를 내어놓으라 우리가 그 동생 죽인 죄를 갚아 저를 죽여 사자 될것까지 끊겠노라 하오니 그러한즉 저희가 내게 남아 있는 숯불을 꺼서 내 남편의 이름과 씨를 세상에 끼쳐두지 아니하겠나이다
2SA-14-17	사무엘하 14:17	사자	使者 / 獅子	계집종이 또 스스로 말하기를 내 주 왕의 말씀이 나의 위로가 되기를 원한다 하였사오니 이는 내 주 왕께서 하나님의 사자 같이 선과 악을 분간하심이니이다 원컨대 왕의 하나님 여호와께서 왕과 같이 계시옵소서
2SA-14-20	사무엘하 14:20	사자	使者 / 獅子	이는 왕의 종 요압이 이 일의 형편을 변하려 하여 이렇게 함이니이다 내 주 왕의 지혜는 하나님의 사자의 지혜와 같아서 땅에 있는 일을 다 아시나이다 하니라
2SA-15-13	사무엘하 15:13	사자	使者 / 獅子	사자가 다윗에게 와서 고하되 이스라엘의 인심이 다 압살롬에게로 돌아갔나이다 한지라
2SA-17-10	사무엘하 17:10	사자	使者 / 獅子	비록 용감하여 사자 같은 자의 마음이라도 저상하리니 이는 이스라엘 무리가 왕의 부친은 영웅이요 그 종자들도 용사인 줄 앎이니이다
2SA-19-27	사무엘하 19:27	사자	使者 / 獅子	종 나를 내 주 왕께 참소하였나이다 내 주 왕께서는 하나님의 사자와 같으시니 왕의 처분대로 하옵소서
2SA-22-51	사무엘하 22:51	인자	仁慈 / 人子	여호와께서 그 왕에게 큰 구원을 주시며 기름 부음 받은 자에게 인자를 베푸심이여 영원토록 다윗과 그 후손에게로다 하였더라
2SA-23-20	사무엘하 23:20	사자	使者 / 獅子	또 갑스엘 용사의 손자 여호야다의 아들 브나야니 저는 효용한 일을 행한 자라 일찌기 모압 아리엘의 아들 둘을 죽였고 또 눈 올 때에 함정에 내려가서 한 사자를 죽였으며
2SA-24-16	사무엘하 24:16	사자	使者 / 獅子	천사가 예루살렘을 향하여 그 손을 들어 멸하려 하더니 여호와께서 이 재앙 내림을 뉘우치사 백성을 멸하는 천사에게 이르시되 족하다 이제는 네 손을 거두라 하시니 때에 여호와의 사자가 여부스 사람 아라우나의 타작마당 곁에 있는지라
1KI-7-29	열왕기상 7:29	사자	使者 / 獅子	변죽 가운데 판에는 사자와 소와 그룹들이 있고 또 변죽 위에는 놓는 자리가 있고 사자와 소 아래에는 화환 모양이 있으며
1KI-7-36	열왕기상 7:36	사자	使者 / 獅子	버팀대 판과 옆판에는 각각 빈 곳을 따라 그룹들과 사자와 종려나무를 아로새겼고 또 그 사면으로 화환 모양이 있더라
1KI-10-19	열왕기상 10:19	사자	使者 / 獅子	그 보좌에는 여섯 층계가 있고 보좌 뒤에 둥근 머리가 있고 앉는 자리 양편에는 팔걸이가 있고 팔걸이 곁에는 사자가 하나씩 섰으며
1KI-10-20	열왕기상 10:20	사자	使者 / 獅子	또 열 두 사자가 있어 그 여섯 층계 좌우편에 섰으니 아무 나라에도 이같이 만든 것이 없었더라
1KI-13-24	열왕기상 13:24	사자	使者 / 獅子	이에 그 사람이 가더니 사자가 길에서 저를 만나 죽이매 그 시체가 길에 버린바 되니 나귀는 그 곁에 섰고 사자도 그 시체 곁에 섰더라
1KI-13-25	열왕기상 13:25	사자	使者 / 獅子	지나가는 사람들이 길에 버린 시체와 그 시체 곁에 선 사자를 보고 그 늙은 선지자가 사는 성읍에 와서 말한지라
1KI-13-26	열왕기상 13:26	사자	使者 / 獅子	그 사람을 길에서 데리고 돌아간 선지자가 듣고 말하되 이는 여호와의 말씀을 어긴 하나님의 사람이로다 여호와께서 그에게 하신 말씀과 같이 여호와께서 그를 사자에게 붙이시매 사자가 그를 찢어 죽였도다 하고
1KI-13-28	열왕기상 13:28	사자	使者 / 獅子	저가 가서 본즉 그 시체가 길에 버린바 되었고 나귀와 사자는 그 시체 곁에 섰는데 사자가 시체를 먹지도 아니하였고 나귀를 찢지도 아니하였더라
1KI-19-2	열왕기상 19:2	사자	使者 / 獅子	이세벨이 사자를 엘리야에게 보내어 이르되 내가 내일 이맘때에는 정녕 네 생명으로 저 사람들 중 한 사람의 생명 같게 하리라 아니하면 신들이 내게 벌 위에 벌을 내림이 마땅하니라 한지라
1KI-19-7	열왕기상 19:7	사자	使者 / 獅子	여호와의 사자가 또 다시 와서 어루만지며 이르되 일어나서 먹으라 네가 길을 이기지 못할까 하노라 하는지라
1KI-20-2	열왕기상 20:2	사자	使者 / 獅子	사자들을 성중 이스라엘 왕 아합에게 보내어 이르기를 벤하닷은 이르노니
1KI-20-5	열왕기상 20:5	사자	使者 / 獅子	사자가 다시 와서 이르기를 벤하닷은 이르노라 내가 이미 네게 보내어 말하기를 너는 네 은금과 처들과 자녀들을 내게 붙이라 하였거니와
1KI-20-9	열왕기상 20:9	사자	使者 / 獅子	그러므로 왕이 벤하닷의 사자에게 이르되 너희는 내 주 왕께 고하기를 왕이 처음에 보내어 종에게 구하신 것은 내가 다 그대로 하려니와 이것은 내가 할수 없나이다 하라 사자들이 돌아가서 고하니라
1KI-20-36	열왕기상 20:36	사자	使者 / 獅子	저가 그 사람에게 이르되 네가 여호와의 말씀을 듣지 아니하였으니 네가 나를 떠나갈 때에 사자가 너를 죽이리라 그 사람이 저의 곁을 떠나가더니 사자가 그를 만나 죽였더라
1KI-22-13	열왕기상 22:13	사자	使者 / 獅子	미가야를 부르러 간 사자가 일러 가로되 선지자들의 말이 여출일구하여 왕에게 길하게 하니 청컨대 당신의 말도 저희 중 한 사람의 말처럼 길하게 하소서
2KI-1-2	열왕기하 1:2	사자	使者 / 獅子	아하시야가 사마리아에 있는 그 다락 난간에서 떨어져 병들매 사자를 보내며 저희더러 이르되 가서 에그론의 신 바알세붑에게 이 병이 낫겠나 물어 보라 하니라
2KI-1-3	열왕기하 1:3	사자	使者 / 獅子	여호와의 사자가 디셉 사람 엘리야에게 이르시되 너는 일어나 올라가서 사마리아 왕의 사자를 만나서 저에게 이르기를 이스라엘에 하나님이 없어서 너희가 에그론의 신 바알세붑에게 물으러 가느냐
2KI-1-5	열왕기하 1:5	사자	使者 / 獅子	사자들이 왕에게 돌아오니 왕이 이르되 너희는 어찌하여 돌아왔느냐
2KI-1-15	열왕기하 1:15	사자	使者 / 獅子	여호와의 사자가 엘리야에게 이르되 너는 저를 두려워 말고 함께 내려가라 하신지라 엘리야가 곧 일어나 저와 함께 내려와서 왕에게 이르러
2KI-1-16	열왕기하 1:16	사자	使者 / 獅子	고하되 여호와의 말씀이 네가 사자를 보내어 에그론의 신 바알세붑에게 물으려하니 이스라엘에 그 말을 물을만한 하나님이 없음이냐 그러므로 네가 그 올라간 침상에서 내려오지 못할찌라 네가 반드시 죽으리라 하셨다 하니라
2KI-5-10	열왕기하 5:10	사자	使者 / 獅子	엘리사가 사자를 저에게 보내어 가로되 너는 가서 요단강에 몸을 일곱번 씻으라 네 살이 여전하여 깨끗하리라
2KI-6-32	열왕기하 6:32	사자	使者 / 獅子	그 때에 엘리사가 그 집에 앉았고 장로들이 저와 함께 앉았는데 왕이 자기 처소에서 사람을 보내었더니 그 사자가 이르기 전에 엘리사가 장로들에게 이르되 너희는 이 살인한 자의 자식이 내 머리를 취하려고 사람을 보내는 것을 보느냐 너희는 보다가 사자가 오거든 문을 닫고 문 안에 들이지 말라 그 주인의 발소리가 그 뒤에서 나지 아니하느냐 하고
2KI-6-33	열왕기하 6:33	사자	使者 / 獅子	무리와 말씀할 때에 그 사자가 이르니라 왕이 가로되 이 재앙이 여호와께로부터 나왔으니 어찌 더 여호와를 기다리리요
2KI-7-15	열왕기하 7:15	사자	使者 / 獅子	저희가 그 뒤를 따라 요단에 이른즉 아람 사람이 급히 도망하느라고 버린 의복과 군물이 길에 가득하였더라 사자가 돌아와서 왕에게 고하매
2KI-9-18	열왕기하 9:18	사자	使者 / 獅子	한 사람이 말을 타고 가서 만나 가로되 왕의 말씀이 평안이냐 하시더이다 하매 예후가 가로되 평안이 네게 상관이 있느냐 내 뒤로 돌이키라 하니라 파숫군이 고하여 가로되 사자가 저희에게 갔으나 돌아오지 아니하나이다 하는지라
2KI-10-8	열왕기하 10:8	사자	使者 / 獅子	사자가 와서 예후에게 고하여 가로되 무리가 왕자들의 머리를 가지고 왔나이다 가로되 두 무더기로 쌓아 내일 아침까지 문 어귀에 두라 하고
2KI-14-8	열왕기하 14:8	사자	使者 / 獅子	아마샤가 예후의 손자 여호아하스의 아들 이스라엘 왕 요아스에게 사자를 보내어 이르되 오라 우리가 서로 대면하자 한지라
2KI-16-7	열왕기하 16:7	사자	使者 / 獅子	아하스가 앗수르 왕 디글랏 빌레셀에게 사자를 보내어 이르되 나는 왕의 신복이요 왕의 아들이라 이제 아람 왕과 이스라엘 왕이 나를 치니 청컨대 올라와서 나를 그 손에서 구원하소서 하고
2KI-17-4	열왕기하 17:4	사자	使者 / 獅子	저가 애굽 왕 소에게 사자들을 보내고 해마다 하던대로 앗수르 왕에게 조공을 드리지 아니하매 앗수르 왕이 호세아의 배반함을 보고 저를 옥에 금고하여 두고
2KI-17-25	열왕기하 17:25	사자	使者 / 獅子	저희가 처음으로 거기 거할 때에 여호와를 경외치 아니한고로 여호와께서 사자들을 그 가운데 보내시매 몇 사람을 죽인지라
2KI-17-26	열왕기하 17:26	사자	使者 / 獅子	그러므로 혹이 앗수르 왕에게 고하여 가로되 왕께서 사마리아 여러 성읍에 옮겨 거하게 하신 열방 사람이 그 땅 신의 법을 알지 못하므로 그 신이 사자들을 저희 가운데 보내매 저희를 죽였사오니 이는 저희가 그 땅 신의 법을 알지 못함이니이다
2KI-19-9	열왕기하 19:9	사자	使者 / 獅子	앗수르 왕이 구스 왕 디르하가가 나와서 더불어 싸우고자 한다 함을 듣고 다시 히스기야에게 사자를 보내며 가로되
2KI-19-14	열왕기하 19:14	사자	使者 / 獅子	히스기야가 사자의 손에서 편지를 받아보고 여호와의 전에 올라가서 그 편지를 여호와 앞에 펴 놓고
2KI-19-23	열왕기하 19:23	사자	使者 / 獅子	네가 사자로 주를 훼방하여 이르기를 내가 많은 병거를 거느리고 여러 산꼭대기에 올라가며 레바논 깊은 곳에 이르러 높은 백향목과 아름다운 잣나무를 베고 내가 그 지경 끝에 들어가며 그 동산의 무성한 수풀에 이르리라
2KI-19-35	열왕기하 19:35	사자	使者 / 獅子	이 밤에 여호와의 사자가 나와서 앗수르 진에서 군사 십 팔만 오천을 친지라 아침에 일찌기 일어나 보니 다 송장이 되었더라
2KI-20-13	열왕기하 20:13	사자	使者 / 獅子	히스기야가 사자의 말을 듣고 자기 보물고의 금은과 향품과 보배로운 기름과 그 군기고와 내탕고의 모든 것을 다 사자에게 보였는데 무릇 왕궁과 그 나라 안에 있는 것을 저에게 보이지 아니한 것이 없으니라
2KI-22-20	열왕기하 22:20	사자	使者 / 獅子	그러므로 내가 너로 너의 열조에게 돌아가서 평안히 묘실로 들어가게 하리니 내가 이곳에 내리는 모든 재앙을 네가 눈으로 보지 못하리라 하셨느니라 사자들이 왕에게 복명하니라
1CH-11-22	역대상 11:22	사자	使者 / 獅子	갑스엘 용사의 손자 여호야다의 아들 브나야는 효용한 일을 행한 자라 저가 모압 아리엘의 아들 둘을 죽였고 또 눈 올 때에 함정에 내려가서 한 사자를 죽였으며
1CH-12-8	역대상 12:8	사자	使者 / 獅子	갓 사람 중에서 거친 땅 견고한 곳에 이르러 다윗에게 돌아온 자가 있었으니 다 용사요 싸움에 익숙하여 방패와 창을 능히 쓰는 자라 그 얼굴은 사자 같고 빠르기는 산의 사슴 같으니
1CH-14-1	역대상 14:1	사자	使者 / 獅子	두로 왕 히람이 다윗에게 사자들과 백향목과 석수와 목수를 보내어 그 궁궐을 건축하게 하였더라
1CH-19-2	역대상 19:2	사자	使者 / 獅子	다윗이 가로되 하눈의 아비 나하스가 전에 내게 은혜를 베풀었으니 이제 내가 그 아들 하눈에게 은혜를 베풀리라 하고 사자를 보내어 그 아비 죽은 것을 조상하게 하니라 다윗의 신복들이 암몬 자손의 땅에 이르러 하눈에게 나아가 조상하매
1CH-19-16	역대상 19:16	사자	使者 / 獅子	아람 사람이 자기가 이스라엘 앞에서 패하였음을 보고 사자를 보내어 강 건너편에 있는 아람 사람을 불러내니 하닷에셀의 군대 장관 소박이 저희를 거느린지라
1CH-21-12	역대상 21:12	사자	使者 / 獅子	혹 삼년 기근일찌, 혹 네가 석달을 대적에게 패하여 대적의 칼에 쫓길 일일찌, 혹 여호와의 칼 곧 온역이 사흘 동안 이 땅에 유행하며 여호와의 사자가 이스라엘 온 지경을 멸할 일일찌 하셨나니 내가 무슨 말로 나를 보내신 이에게 대답할 것을 결정하소서
1CH-21-15	역대상 21:15	사자	使者 / 獅子	하나님이 예루살렘을 멸하러 사자를 보내셨더니 사자가 멸하려 할 때에 여호와께서 보시고 이 재앙 내림을 뉘우치사 멸하는 사자에게 이르시되 족하다 이제는 네 손을 거두라 하시니 때에 여호와의 사자가 여부스 사람 오르난의 타작 마당 곁에 선지라
1CH-21-16	역대상 21:16	사자	使者 / 獅子	다윗이 눈을 들어보매 여호와의 사자가 천지 사이에 섰고 칼을 빼어 손에 들고 예루살렘 편을 가리켰는지라 다윗이 장로들로 더불어 굵은 베를 입고 얼굴을 땅에 대고 엎드려
1CH-21-18	역대상 21:18	사자	使者 / 獅子	여호와의 사자가 갓을 명하여 다윗에게 이르시기를 올라가서 여부스 사람 오르난의 타작마당에서 여호와를 위하여 단을 쌓으라 하신지라
1CH-21-27	역대상 21:27	사자	使者 / 獅子	사자를 명하시매 저가 칼을 집에 꽂았더라
1CH-21-30	역대상 21:30	사자	使者 / 獅子	다윗이 여호와의 사자의 칼을 두려워하여 감히 그 앞에 가서 하나님께 묻지 못함이라
2CH-2-3	역대하 2:3	사자	使者 / 獅子	사자를 두로 왕 후람에게 보내어 이르되 당신이 전에 내 부친 다윗에게 백향목을 보내어 그 거할 궁궐을 건축하게 한 것 같이 내게도 그리하소서
2CH-9-18	역대하 9:18	사자	使者 / 獅子	그 보좌에는 여섯 층계와 금 족대가 있어 보좌와 연하였고 앉는 자리 양편에는 팔걸이가 있고 팔걸이 곁에는 사자가 하나씩 섰으며
2CH-9-19	역대하 9:19	사자	使者 / 獅子	또 열 두 사자가 있어 그 여섯 층계 좌우편에 섰으니 아무 나라에도 이같이 만든 것이 없었더라
2CH-18-12	역대하 18:12	사자	使者 / 獅子	미가야를 부르러 간 사자가 일러 가로되 선지자들의 말이 여출일구하여 왕에게 길하게 하니 청컨대 당신의 말도 저희중 한 사람처럼 길하게 하소서
2CH-25-17	역대하 25:17	사자	使者 / 獅子	유다 왕 아마샤가 상의하고 예후의 손자 여호아하스의 아들 이스라엘 왕 요아스에게 사자를 보내어 이르되 오라 서로 대면하자 한지라
2CH-32-31	역대하 32:31	사자	使者 / 獅子	그러나 바벨론 방백들이 히스기야에게 사자를 보내어 그 땅에서 나타난 이적을 물을 때에 하나님이 히스기야를 떠나시고 그 심중에 있는 것을 다 알고자 하사 시험하셨더라
2CH-34-28	역대하 34:28	사자	使者 / 獅子	그러므로 내가 너로 너의 열조에게 돌아가서 평안히 묘실로 들어가게 하리니 내가 이곳과 그 거민에게 내리는 모든 재앙을 네가 눈으로 보지 못하리라 하셨느니라 사자들이 왕에게 복명하니라
2CH-35-21	역대하 35:21	사자	使者 / 獅子	느고가 요시야에게 사자를 보내어 가로되 유다 왕이여 내가 그대와 무슨 관계가 있느뇨 내가 오늘날 그대를 치려는 것이 아니요 나로 더불어 싸우는 족속을 치려는 것이라 하나님이 나를 명하사 속히 하라 하셨은즉 하나님이 나와 함께 계시니 그대는 하나님을 거스리지 말라 그대를 멸하실까 하노라 하나
2CH-36-15	역대하 36:15	사자	使者 / 獅子	그 열조의 하나님 여호와께서 그 백성과 그 거하시는 곳을 아끼사 부지런히 그 사자들을 그 백성에게 보내어 이르셨으나
2CH-36-16	역대하 36:16	사자	使者 / 獅子	그 백성이 하나님의 사자를 비웃고 말씀을 멸시하며 그 선지자를 욕하여 여호와의 진노로 그 백성에게 미쳐서 만회할 수 없게 하였으므로
NEH-6-3	느헤미야 6:3	사자	使者 / 獅子	내가 곧 저희에게 사자들을 보내어 이르기를 내가 이제 큰 역사를 하니 내려가지 못하겠노라 어찌하여 역사를 떠나 정지하게 하고 너희에게로 내려 가겠느냐 하매
NEH-9-17	느헤미야 9:17	인자	仁慈 / 人子	거역하며 주께서 저희 가운데 행하신 기사를 생각지 아니하고 목을 굳게하며 패역하여 스스로 한 두목을 세우고 종 되었던 땅으로 돌아가고자 하였사오나 오직 주는 사유하시는 하나님이시라 은혜로우시며 긍휼히 여기시며 더디 노하시며 인자가 풍부하시므로 저희를 버리지 아니하셨나이다
NEH-9-32	느헤미야 9:32	인자	仁慈 / 人子	우리 하나님이여 광대하시고 능하시고 두려우시며 언약과 인자를 지키시는 하나님이여 우리와 우리 열왕과 방백들과 제사장들과 선지자들과 열조와 주의 모든 백성이 앗수르 열왕의 때로부터 오늘날까지 당한바 환난을 이제 작게 여기시지 마옵소서
JOB-1-14	욥기 1:14	사자	使者 / 獅子	사자가 욥에게 와서 고하되 소는 밭을 갈고 나귀는 그 곁에서 풀을 먹는데
JOB-4-10	욥기 4:10	사자	使者 / 獅子	사자의 우는 소리와 사나운 사자의 목소리가 그치고 젊은 사자의 이가 부러지며
JOB-4-11	욥기 4:11	사자	使者 / 獅子	늙은 사자는 움킨 것이 없어 죽고 암사자의 새끼는 흩어지느니라
JOB-4-18	욥기 4:18	사자	使者 / 獅子	하나님은 그 종이라도 오히려 믿지 아니하시며 그 사자라도 미련하다 하시나니
JOB-10-16	욥기 10:16	사자	使者 / 獅子	내가 머리를 높이 들면 주께서 사자처럼 나를 사냥하시며 내게 주의 기이한 능력을 다시 나타내시나이다
JOB-16-21	욥기 16:21	인자	仁慈 / 人子	사람과 하나님 사이에와 인자와 그 이웃 사이에 변백하시기를 원하노니
JOB-28-8	욥기 28:8	사자	使者 / 獅子	위엄스러운 짐승도 밟지 못하였고 사나운 사자도 그리로 지나가지 못하였느니라
JOB-38-39	욥기 38:39	사자	使者 / 獅子	네가 암사자를 위하여 식물을 사냥하겠느냐 젊은 사자의 식량을 채우겠느냐
JOB-39-13	욥기 39:13	인자	仁慈 / 人子	타조는 즐거이 그 날개를 친다마는 그 깃과 털이 인자를 베푸느냐
PSA-5-7	시편 5:7	인자	仁慈 / 人子	오직 나는 주의 풍성한 인자를 힘입어 주의 집에 들어가 주를 경외함으로 성전을 향하여 경배하리이다
PSA-7-2	시편 7:2	사자	使者 / 獅子	건져낼 자 없으면 저희가 사자 같이 나를 찢고 뜯을까 하나이다
PSA-8-4	시편 8:4	인자	仁慈 / 人子	사람이 무엇이관대 주께서 저를 생각하시며 인자가 무엇이관대 주께서 저를 권고하시나이까
PSA-10-9	시편 10:9	사자	使者 / 獅子	사자가 그 굴혈에 엎드림 같이 저가 은밀한 곳에 엎드려 가련한 자를 잡으려고 기다리며 자기 그물을 끌어 가련한 자를 잡나이다
PSA-17-7	시편 17:7	인자	仁慈 / 人子	주께 피하는 자를 그 일어나 치는 자에게서 오른손으로 구원하시는 주여 주의 기이한 인자를 나타내소서
PSA-17-12	시편 17:12	사자	使者 / 獅子	저는 그 움킨 것을 찢으려 하는 사자 같으며 은밀한 곳에 엎드린 젊은 사자 같으니이다
PSA-18-50	시편 18:50	인자	仁慈 / 人子	여호와께서 그 왕에게 큰 구원을 주시며 기름 부음 받은 자에게 인자를 베푸심이여 영영토록 다윗과 그 후손에게로다
PSA-22-13	시편 22:13	사자	使者 / 獅子	내게 그 입을 벌림이 찢고 부르짖는 사자 같으니이다
PSA-22-21	시편 22:21	사자	使者 / 獅子	나를 사자 입에서 구하소서 주께서 내게 응락하시고 들소 뿔에서 구원하셨나이다
PSA-25-10	시편 25:10	인자	仁慈 / 人子	여호와의 모든 길은 그 언약과 증거를 지키는 자에게 인자와 진리로다
PSA-31-21	시편 31:21	인자	仁慈 / 人子	여호와를 찬송할지어다 견고한 성에서 그 기이한 인자를 내게 보이셨음이로다
PSA-34-7	시편 34:7	사자	使者 / 獅子	여호와의 사자가 주를 경외하는 자를 둘러 진 치고 저희를 건지시는도다
PSA-34-10	시편 34:10	사자	使者 / 獅子	젊은 사자는 궁핍하여 주릴찌라도 여호와를 찾는 자는 모든 좋은 것에 부족함이 없으리로다
PSA-35-5	시편 35:5	사자	使者 / 獅子	저희로 바람 앞에 겨와 같게 하시고 여호와의 사자로 몰아내소서
PSA-35-6	시편 35:6	사자	使者 / 獅子	저희 길을 어둡고 미끄럽게 하시고 여호와의 사자로 저희를 따르게 하소서
PSA-35-17	시편 35:17	사자	使者 / 獅子	주여 어느 때까지 관망하시리이까 내 영혼을 저 멸망자에게서 구원하시며 내 유일한 것을 사자들에게서 건지소서
PSA-40-10	시편 40:10	인자	仁慈 / 人子	내가 주의 의를 내 심중에 숨기지 아니하고 주의 성실과 구원을 선포하였으며 내가 주의 인자와 진리를 대회 중에서 은휘치 아니하였나이다
PSA-40-11	시편 40:11	인자	仁慈 / 人子	여호와여 주의 긍휼을 내게 그치지 마시고 주의 인자와 진리로 나를 항상 보호하소서
PSA-51-1	시편 51:1	인자	仁慈 / 人子	하나님이여 주의 인자를 좇아 나를 긍휼히 여기시며 주의 많은 자비를 좇아 내 죄과를 도말하소서
PSA-57-3	시편 57:3	인자	仁慈 / 人子	저가 하늘에서 보내사 나를 삼키려는 자의 비방에서 나를 구원하실찌라(셀라) 하나님이 그 인자와 진리를 보내시리로다
PSA-57-4	시편 57:4	사자	使者 / 獅子	내 혼이 사자 중에 처하며 내가 불사르는 자 중에 누웠으니 곧 인생 중에라 저희 이는 창과 살이요 저희 혀는 날카로운 칼 같도다
PSA-57-10	시편 57:10	인자	仁慈 / 人子	대저 주의 인자는 커서 하늘에 미치고 주의 진리는 궁창에 이르나이다
PSA-58-1	시편 58:1	인자	仁慈 / 人子	인자들아 너희가 당연히 공의를 말하겠거늘 어찌 잠잠하느뇨 너희가 정직히 판단하느뇨
PSA-58-6	시편 58:6	사자	使者 / 獅子	하나님이여 저희 입에서 이를 꺾으소서 여호와여 젊은 사자의 어금니를 꺾어 내시며
PSA-61-7	시편 61:7	인자	仁慈 / 人子	저가 영원히 하나님 앞에 거하리니 인자와 진리를 예비하사 저를 보호하소서
PSA-63-3	시편 63:3	인자	仁慈 / 人子	주의 인자가 생명보다 나으므로 내 입술이 주를 찬양할 것이라
PSA-69-13	시편 69:13	인자	仁慈 / 人子	여호와여 열납하시는 때에 나는 주께 기도하오니 하나님이여 많은 인자와 구원의 진리로 내게 응답하소서
PSA-78-49	시편 78:49	사자	使者 / 獅子	그 맹렬한 노와 분과 분노와 고난 곧 벌하는 사자들을 저희에게 내려 보내셨으며
PSA-80-17	시편 80:17	인자	仁慈 / 人子	주의 우편에 있는 자 곧 주를 위하여 힘있게 하신 인자의 위에 주의 손을 얹으소서
PSA-86-13	시편 86:13	인자	仁慈 / 人子	이는 내게 향하신 주의 인자가 크사 내 영혼을 깊은 음부에서 건지셨음이니이다
PSA-86-15	시편 86:15	인자	仁慈 / 人子	그러나 주여 주는 긍휼히 여기시며 은혜를 베푸시며 노하기를 더디하시며 인자와 진실이 풍성하신 하나님이시오니
PSA-90-14	시편 90:14	인자	仁慈 / 人子	아침에 주의 인자로 우리를 만족케 하사 우리 평생에 즐겁고 기쁘게 하소서
PSA-91-11	시편 91:11	사자	使者 / 獅子	저가 너를 위하여 그 사자들을 명하사 네 모든 길에 너를 지키게 하심이라
PSA-91-13	시편 91:13	사자	使者 / 獅子	네가 사자와 독사를 밟으며 젊은 사자와 뱀을 발로 누르리로다
PSA-98-3	시편 98:3	인자	仁慈 / 人子	저가 이스라엘 집에 향하신 인자와 성실을 기억하셨으므로 땅의 모든 끝이 우리 하나님의 구원을 보았도다
PSA-101-1	시편 101:1	인자	仁慈 / 人子	내가 인자와 공의를 찬송하겠나이다 여호와여 내가 주께 찬양하리이다
PSA-103-4	시편 103:4	인자	仁慈 / 人子	네 생명을 파멸에서 구속하시고 인자와 긍휼로 관을 씌우시며
PSA-104-4	시편 104:4	사자	使者 / 獅子	바람으로 자기 사자를 삼으시며 화염으로 자기 사역자를 삼으시며
PSA-104-21	시편 104:21	사자	使者 / 獅子	젊은 사자가 그 잡을 것을 쫓아 부르짖으며 그 식물을 하나님께 구하다가
PSA-106-7	시편 106:7	인자	仁慈 / 人子	우리 열조가 애굽에서 주의 기사를 깨닫지 못하며 주의 많은 인자를 기억지 아니하고 바다 곧 홍해에서 거역하였나이다
PSA-144-2	시편 144:2	인자	仁慈 / 人子	여호와는 나의 인자시요 나의 요새시요 나의 산성이시요 나를 건지는 자시요 나의 방패시요 나의 피난처시요 내 백성을 내게 복종케 하시는 자시로다
PSA-148-2	시편 148:2	사자	使者 / 獅子	그의 모든 사자여 찬양하며 모든 군대여 찬양할찌어다
PRO-3-3	잠언 3:3	인자	仁慈 / 人子	인자와 진리로 네게서 떠나지 않게 하고 그것을 네 목에 매며 네 마음판에 새기라
PRO-8-4	잠언 8:4	인자	仁慈 / 人子	사람들아 내가 너희를 부르며 내가 인자들에게 소리를 높이노라
PRO-8-31	잠언 8:31	인자	仁慈 / 人子	사람이 거처할 땅에서 즐거워하며 인자들을 기뻐하였었느니라
PRO-13-17	잠언 13:17	사자	使者 / 獅子	악한 사자는 재앙에 빠져도 충성된 사신은 양약이 되느니라
PRO-14-22	잠언 14:22	인자	仁慈 / 人子	악을 도모하는 자는 그릇 가는 것이 아니냐 선을 도모하는 자에게는 인자와 진리가 있으리라
PRO-16-6	잠언 16:6	인자	仁慈 / 人子	인자와 진리로 인하여 죄악이 속하게 되고 여호와를 경외함으로 인하여 악에서 떠나게 되느니라
PRO-16-14	잠언 16:14	사자	使者 / 獅子	왕의 진노는 살륙의 사자와 같아도 지혜로운 사람은 그것을 쉬게 하리라
PRO-17-11	잠언 17:11	사자	使者 / 獅子	악한 자는 반역만 힘쓰나니 그러므로 그에게 잔인한 사자가 보냄을 입으리라
PRO-19-12	잠언 19:12	사자	使者 / 獅子	왕의 노함은 사자의 부르짖음 같고 그의 은택은 풀 위에 이슬 같으니라
PRO-20-2	잠언 20:2	사자	使者 / 獅子	왕의 진노는 사자의 부르짖음 같으니 그를 노하게 하는 것은 자기의 생명을 해하는 것이니라
PRO-20-28	잠언 20:28	인자	仁慈 / 人子	왕은 인자와 진리로 스스로 보호하고 그 위도 인자함으로 말미암아 견고하니라
PRO-21-21	잠언 21:21	인자	仁慈 / 人子	의와 인자를 따라 구하는 자는 생명과 의와 영광을 얻느니라
PRO-22-13	잠언 22:13	사자	使者 / 獅子	게으른 자는 말하기를 사자가 밖에 있은즉 내가 나가면 거리에서 찢기겠다 하느니라
PRO-25-13	잠언 25:13	사자	使者 / 獅子	충성된 사자는 그를 보낸 이에게 마치 추수하는 날에 얼음 냉수 같아서 능히 그 주인의 마음을 시원케 하느니라
PRO-26-13	잠언 26:13	사자	使者 / 獅子	게으른 자는 길에 사자가 있다 거리에 사자가 있다 하느니라
PRO-28-1	잠언 28:1	사자	使者 / 獅子	악인은 쫓아 오는 자가 없어도 도망하나 의인은 사자 같이 담대하니라
PRO-28-15	잠언 28:15	사자	使者 / 獅子	가난한 백성을 압제하는 악한 관원은 부르짖는 사자와 주린 곰 같으니라
PRO-30-30	잠언 30:30	사자	使者 / 獅子	곧 짐승 중에 가장 강하여 아무 짐승 앞에서도 물러가지 아니하는 사자와
ECC-5-6	전도서 5:6	사자	使者 / 獅子	네 입으로 네 육체를 범죄케 말라 사자 앞에서 내가 서원한 것이 실수라고 말하지 말라 어찌 하나님으로 네 말 소리를 진노하사 네 손으로 한 것을 멸하시게 하랴
ECC-9-4	전도서 9:4	사자	使者 / 獅子	모든 산 자 중에 참예한 자가 소망이 있음은 산 개가 죽은 사자보다 나음이니라
SNG-4-8	아가 4:8	사자	使者 / 獅子	나의 신부야 너는 레바논에서부터 나와 함께 하고 레바논에서부터 나와 함께 가자 아마나와 스닐과 헤르몬 꼭대기에서 사자 굴과 표범 산에서 내려다보아라
ISA-5-29	이사야 5:29	사자	使者 / 獅子	그 부르짖는 것은 암사자 같을 것이요 그 소리지름은 어린 사자들과 같을 것이라 그들이 부르짖으며 물건을 움키어 염려 없이 가져가도 건질 자가 없으리로다
ISA-11-6	이사야 11:6	사자	使者 / 獅子	그 때에 이리가 어린 양과 함께 거하며 표범이 어린 염소와 함께 누우며 송아지와 어린 사자와 살찐 짐승이 함께 있어 어린 아이에게 끌리며
ISA-11-7	이사야 11:7	사자	使者 / 獅子	암소와 곰이 함께 먹으며 그것들의 새끼가 함께 엎드리며 사자가 소처럼 풀을 먹을 것이며
ISA-15-9	이사야 15:9	사자	使者 / 獅子	디몬 물에는 피가 가득함이로다 그럴찌라도 내가 디몬에 재앙을 더 내리되 모압에 도피한 자와 그 땅의 남은 자에게 사자를 보내리라
ISA-18-2	이사야 18:2	사자	使者 / 獅子	갈대배를 물에 띄우고 그 사자를 수로로 보내며 이르기를 너희 경첩한 사자들아 너희는 강들이 흘러 나누인 나라로 가되 장대하고 준수한 백성 곧 시초부터 두려움이 되며 강성하여 대적을 밟는 백성에게로 가라 하도다
ISA-21-8	이사야 21:8	사자	使者 / 獅子	파숫군이 사자 같이 부르짖기를 주여 내가 낮에 늘 망대에 섰었고 밤이 맟도록 파수하는 곳에 있었더니
ISA-31-4	이사야 31:4	사자	使者 / 獅子	여호와께서 이같이 내게 이르시되 큰 사자나 젊은 사자가 그 식물을 움키고 으르렁거릴 때에 그것을 치려고 여러 목자가 불려 왔다 할찌라도 그것이 그들의 소리로 인하여 놀라지 아니할 것이요 그들의 떠듦을 인하여 굴복지 아니할 것이라 이와 같이 나 만군의 여호와가 강림하여 시온산과 그 영 위에서 싸울 것이며
ISA-35-9	이사야 35:9	사자	使者 / 獅子	거기는 사자가 없고 사나운 짐승이 그리로 올라가지 아니하므로 그것을 만나지 못하겠고 오직 구속함을 얻은 자만 그리로 행할 것이며
ISA-37-9	이사야 37:9	사자	使者 / 獅子	그 때에 앗수르 왕이 구스 왕 디르하가의 일에 대하여 들은즉 이르기를 그가 나와서 왕과 싸우려 한다 하는지라 이 말을 듣고 사자들을 히스기야에게 보내며 가로되
ISA-37-14	이사야 37:14	사자	使者 / 獅子	히스기야가 사자의 손에서 글을 받아 보고 여호와의 전에 올라가서 그 글을 여호와 앞에 펴 놓고
ISA-37-17	이사야 37:17	사자	使者 / 獅子	여호와여 귀를 기울여 들으시옵소서 여호와여 눈을 떠 보시옵소서 산헤립이 사자로 사시는 하나님을 훼방한 모든 말을 들으시옵소서
ISA-37-36	이사야 37:36	사자	使者 / 獅子	여호와의 사자가 나가서 앗수르 진중에서 십 팔만 오천인을 쳤으므로 아침에 일찌기 일어나 본즉 시체 뿐이라
ISA-38-13	이사야 38:13	사자	使者 / 獅子	내가 아침까지 견디었사오나 주께서 사자 같이 나의 모든 뼈를 꺾으시오니 나의 명이 조석간에 마치리이다
ISA-39-2	이사야 39:2	사자	使者 / 獅子	히스기야가 사자를 인하여 기뻐하여 그에게 궁중 보물 곧 은금과 향료와 보배로운 기름과 모든 무기고와 보물고에 있는 것을 다 보였으니 궁중의 소유와 전 국내의 소유를 보이지 아니한 것이 없은지라
ISA-42-19	이사야 42:19	사자	使者 / 獅子	소경이 누구냐 내 종이 아니냐 누가 나의 보내는 나의 사자 같이 귀머거리겠느냐 누가 나와 친한 자 같이 소경이겠느냐 누가 여호와의 종 같이 소경이겠느냐
ISA-44-26	이사야 44:26	사자	使者 / 獅子	내 종의 말을 응하게 하며 내 사자의 모략을 성취하게 하며 예루살렘에 대하여는 이르기를 거기 사람이 살리라 하며 유다 성읍들에 대하여는 이르기를 중건될 것이라 내가 그 황폐한 곳들을 복구시키리라 하며
ISA-51-12	이사야 51:12	인자	仁慈 / 人子	가라사대 너희를 위로하는 자는 나여늘 나여늘 너는 어떠한 자이기에 죽을 사람을 두려워하며 풀같이 될 인자를 두려워하느냐
ISA-54-10	이사야 54:10	인자	仁慈 / 人子	산들은 떠나며 작은 산들은 옮길찌라도 나의 인자는 네게서 떠나지 아니하며 화평케 하는 나의 언약은 옮기지 아니하리라 너를 긍휼히 여기는 여호와의 말이니라
ISA-63-9	이사야 63:9	사자	使者 / 獅子	그들의 모든 환난에 동참하사 자기 앞의 사자로 그들을 구원하시며 그 사랑과 그 긍휼로 그들을 구속하시고 옛적 모든 날에 그들을 드시며 안으셨으나
ISA-65-25	이사야 65:25	사자	使者 / 獅子	이리와 어린 양이 함께 먹을 것이며 사자가 소처럼 짚을 먹을 것이며 뱀은 흙으로 식물을 삼을 것이니 나의 성산에서는 해함도 없겠고 상함도 없으리라 여호와의 말이니라
JER-2-15	예레미야 2:15	사자	使者 / 獅子	어린 사자들이 너를 향하여 부르짖으며 소리를 날려 네 땅을 황무케 하였으며 네 성읍들은 불타서 거민이 없게 되었으며
JER-2-30	예레미야 2:30	사자	使者 / 獅子	내가 너희 자녀를 때림도 무익함은 그들도 징책을 받지 아니함이라 너희 칼이 사나운 사자 같이 너희 선지자들을 삼켰느니라
JER-4-7	예레미야 4:7	사자	使者 / 獅子	사자가 그 수풀에서 올라왔으며 열방을 멸하는 자가 나아 왔으되 네 땅을 황폐케 하려고 이미 그 처소를 떠나 나왔은즉 네 성읍들이 황폐하여 거민이 없게 되리니
JER-5-6	예레미야 5:6	사자	使者 / 獅子	그러므로 수풀에서 나오는 사자가 그들을 죽이며 사막의 이리가 그들을 멸하며 표범이 성읍들을 엿보온즉 그리로 나오는 자마다 찢기오리니 이는 그들의 허물이 많고 패역이 심함이니이다
JER-12-8	예레미야 12:8	사자	使者 / 獅子	내 산업이 삼림 중의 사자 같이 되어서 나를 향하여 그 소리를 발하는고로 내가 그를 미워하였음이로라
JER-16-5	예레미야 16:5	인자	仁慈 / 人子	여호와께서 이같이 말씀하시되 상가에 들어가지 말라 가서 통곡하지 말며 그들을 위하여 애곡하지 말라 내가 이 백성에게서 나의 평강을 빼앗으며 인자와 긍휼을 제함이니라 여호와의 말이니라
JER-25-38	예레미야 25:38	사자	使者 / 獅子	그가 사자 같이 그 소혈에서 나오셨도다 그 잔멸하는 자의 진노와 그 극렬한 분으로 인하여 그들의 땅이 황량하였도다
JER-49-14	예레미야 49:14	사자	使者 / 獅子	내가 여호와에게서부터 오는 소식을 들었노라 사자를 열방 중에 보내어 이르시되 너희는 모여와서 그를 치며 일어나서 싸우라 하시도다
JER-49-18	예레미야 49:18	인자	仁慈 / 人子	나 여호와가 말하노라 소돔과 고모라와 그 이웃 성읍들의 멸망된 것 같이 거기 거하는 사람이 없으며 그 중에 우거할 아무 인자가 없으리라
JER-49-19	예레미야 49:19	사자	使者 / 獅子	보라 사자가 요단의 수풀에서 올라 오는것 같이 그가 와서 견고한 처소를 칠 것이라 내가 즉시 그들을 거기서 쫓아내고 택한 자를 내가 그 위에 세우리니 나와 같은 자 누구며 나로 더불어 다툴 자 누구며 내 앞에 설 목자가 누구뇨
JER-49-33	예레미야 49:33	인자	仁慈 / 人子	하솔은 시랑의 거처가 되어 영원히 황무하리니 거기 거하는 사람이나 그중에 우거하는 아무 인자가 없게 되리라
JER-50-17	예레미야 50:17	사자	使者 / 獅子	이스라엘은 흩어진 양이라 사자들이 그를 따르도다 처음에는 앗수르 왕이 먹었고 다음에는 바벨론 왕 느부갓네살이 그 뼈를 꺾도다
JER-50-40	예레미야 50:40	인자	仁慈 / 人子	나 여호와가 말하노라 나 하나님이 소돔과 고모라와 그 이웃 성읍들을 무너지게 한것 같이 거기 거하는 사람이 없게 하며 그 중에 우거하는 아무 인자가 없게 하리라
JER-50-44	예레미야 50:44	사자	使者 / 獅子	보라 사자가 요단의 수풀에서 올라오는 것 같이 그가 와서 견고한 처소를 칠 것이라 내가 즉시 그들을 거기서 쫓아내고 택한 자를 내가 그 위에 세우리니 나와 같은 자 누구며 나로 더불어 다툴 자 누구며 내 앞에 설 목자가 누구뇨
JER-51-31	예레미야 51:31	사자	使者 / 獅子	보발군이 달려 만나고 사자가 달려 만나서 바벨론 왕에게 고하기를 그 성읍 사방이 함락되었으며
JER-51-38	예레미야 51:38	사자	使者 / 獅子	그들이 다 사자 같이 소리하며 어린 사자 같이 부르짖으며
JER-51-43	예레미야 51:43	인자	仁慈 / 人子	그 성읍들은 황폐하여 마른 땅과 사막과 거민이 없는 땅이 되었으니 그리로 지나가는 인자가 없도다
LAM-3-10	예레미야애가 3:10	사자	使者 / 獅子	저는 내게 대하여 엎드리어 기다리는 곰과 은밀한 곳의 사자 같으사
EZK-1-10	에스겔 1:10	사자	使者 / 獅子	그 얼굴들의 모양은 넷의 앞은 사람의 얼굴이요 넷의 우편은 사자의 얼굴이요 넷의 좌편은 소의 얼굴이요 넷의 뒤는 독수리의 얼굴이니
EZK-10-14	에스겔 10:14	사자	使者 / 獅子	그룹들은 각기 네 면이 있는데 첫 면은 그룹의 얼굴이요 둘째 면은 사람의 얼굴이요 세째는 사자의 얼굴이요 네째는 독수리의 얼굴이더라
EZK-17-15	에스겔 17:15	사자	使者 / 獅子	그가 사자를 애굽에 보내어 말과 군대를 구함으로 바벨론 왕을 배반하였으니 형통하겠느냐 이런 일을 행한 자가 피하겠느냐 언약을 배반하고야 피하겠느냐
EZK-19-2	에스겔 19:2	사자	使者 / 獅子	부르기를 네 어미는 무엇이냐 암사자라 그가 사자들 가운데 엎드리어 젊은 사자 중에서 그 새끼를 기르는데
EZK-19-3	에스겔 19:3	사자	使者 / 獅子	그 새끼 하나를 키우매 젊은 사자가 되어 식물 움키기를 배워 사람을 삼키매
EZK-19-5	에스겔 19:5	사자	使者 / 獅子	암사자가 기다리다가 소망이 끊어진 줄을 알고 그 새끼 하나를 또 취하여 젊은 사자가 되게 하니
EZK-19-6	에스겔 19:6	사자	使者 / 獅子	젊은 사자가 되매 여러 사자 가운데 왕래하며 식물 움키기를 배워 사람을 삼키며
EZK-22-25	에스겔 22:25	사자	使者 / 獅子	그 가운데서 선지자들의 배역함이 우는 사자가 식물을 움킴 같았도다 그들이 사람의 영혼을 삼켰으며 전재와 보물을 탈취하며 과부로 그 가운데 많게 하였으며
EZK-23-16	에스겔 23:16	사자	使者 / 獅子	그가 보고 곧 연애하여 사자를 갈대아 그들에게로 보내매
EZK-23-40	에스겔 23:40	사자	使者 / 獅子	또 사자를 원방에 보내어 사람을 불러오게 하고 그들이 오매 그들을 위하여 목욕하며 눈썹을 그리며 스스로 단장하고
EZK-30-9	에스겔 30:9	사자	使者 / 獅子	그 날에 사자들이 내 앞에서 배로 나아가서 염려 없는 구스 사람을 두렵게 하리니 애굽의 재앙의 날과 같이 그들에게도 심한 근심이 있으리라 이것이 오리로다
EZK-32-2	에스겔 32:2	사자	使者 / 獅子	인자야 너는 애굽 왕 바로에 대하여 애가를 불러 그에게 이르라 너를 열국에서 젊은 사자에 비하였더니 실상은 바다 가운데 큰 악어라 강에서 뛰어 일어나 발로 물을 요동하여 그 강을 더럽혔도다
EZK-41-19	에스겔 41:19	사자	使者 / 獅子	하나는 사람의 얼굴이라 이편 종려나무를 향하였고 하나는 어린 사자의 얼굴이라 저편 종려나무를 향하였으며 온 전 사면이 다 그러하여
DAN-3-28	다니엘 3:28	사자	使者 / 獅子	느부갓네살이 말하여 가로되 사드락과 메삭과 아벳느고의 하나님을 찬송할찌로다 그가 그 사자를 보내사 자기를 의뢰하고 그 몸을 버려서 왕의 명을 거역하고 그 하나님 밖에는 다른 신을 섬기지 아니하며 그에게 절하지 아니한 종들을 구원하셨도다
DAN-6-7	다니엘 6:7	사자	使者 / 獅子	나라의 모든 총리와 수령과 방백과 모사와 관원이 의논하고 왕에게 한 율법을 세우며 한 금령을 정하실 것을 구하려 하였는데 왕이여 그것은 곧 이제부터 삼십일 동안에 누구든지 왕 외에 어느 신에게나 사람에게 무엇을 구하면 사자굴에 던져 넣기로 한 것이니이다
DAN-6-12	다니엘 6:12	사자	使者 / 獅子	이에 그들이 나아가서 왕의 금령에 대하여 왕께 아뢰되 왕이여 왕이 이미 금령에 어인을 찍어서 이제부터 삼십일 동안에 누구든지 왕 외에 어느 신에게나 사람에게 구하면 사자 굴에 던져 넣기로 하지 아니하였나이까 왕이 대답하여 가로되 이 일이 적실하니 메대와 바사의 변개치 아니하는 규례대로 된 것이니라
DAN-6-16	다니엘 6:16	사자	使者 / 獅子	이에 왕이 명하매 다니엘을 끌어다가 사자 굴에 던져 넣는지라 왕이 다니엘에게 일러 가로되 너의 항상 섬기는 네 하나님이 너를 구원하시리라 하니라
DAN-6-19	다니엘 6:19	사자	使者 / 獅子	이튿날에 왕이 새벽에 일어나 급히 사자굴로 가서
DAN-6-20	다니엘 6:20	사자	使者 / 獅子	다니엘의 든 굴에 가까이 이르러는 슬피 소리질러 다니엘에게 물어 가로되 사시는 하나님의 종 다니엘아 너의 항상 섬기는 네 하나님이 사자에게서 너를 구원하시기에 능하셨느냐
DAN-6-22	다니엘 6:22	사자	使者 / 獅子	나의 하나님이 이미 그 천사를 보내어 사자들의 입을 봉하셨으므로 사자들이 나를 상해치 아니하였사오니 이는 나의 무죄함이 그 앞에 명백함이오며 또 왕이여 나는 왕의 앞에도 해를 끼치지 아니하였나이다
DAN-6-24	다니엘 6:24	사자	使者 / 獅子	왕이 명을 내려 다니엘을 참소한 사람들을 끌어오게 하고 그들을 그 처자들과 함께 사자 굴에 던져 넣게 하였더니 그들이 굴 밑에 닿기 전에 사자가 곧 그들을 움켜서 그 뼈까지도 부숴뜨렸더라
DAN-6-27	다니엘 6:27	사자	使者 / 獅子	그는 구원도 하시며 건져내기도 하시며 하늘에서든지 땅에서든지 이적과 기사를 행하시는 자로서 다니엘을 구원하여 사자의 입에서 벗어나게 하셨음이니라 하였더라
DAN-7-4	다니엘 7:4	사자	使者 / 獅子	첫째는 사자와 같은데 독수리의 날개가 있더니 내가 볼 사이에 그 날개가 뽑혔고 또 땅에서 들려서 사람처럼 두 발로 서게 함을 입었으며 또 사람의 마음을 받았으며
DAN-7-13	다니엘 7:13	인자	仁慈 / 人子	내가 또 밤 이상 중에 보았는데 인자 같은이가 하늘 구름을 타고 와서 옛적부터 항상 계신 자에게 나아와 그 앞에 인도되매
DAN-9-4	다니엘 9:4	인자	仁慈 / 人子	내 하나님 여호와께 기도하며 자복하여 이르기를 크시고 두려워할 주 하나님, 주를 사랑하고 주의 계명을 지키는 자를 위하여 언약을 지키시고 그에게 인자를 베푸시는 자시여
DAN-10-16	다니엘 10:16	인자	仁慈 / 人子	인자와 같은 이가 있어 내 입술을 만진지라 내가 곧 입을 열어 내 앞에 섰는 자에게 말하여 가로되 내 주여 이 이상을 인하여 근심이 내게 더하므로 내가 힘이 없어졌나이다
HOS-5-14	호세아 5:14	사자	使者 / 獅子	내가 에브라임에게는 사자 같고 유다 족속에게는 젊은 사자 같으니 나 곧 내가 움켜갈찌라 내가 탈취하여 갈찌라도 건져낼 자가 없으리라
HOS-11-10	호세아 11:10	사자	使者 / 獅子	저희가 사자처럼 소리를 발하시는 여호와를 좇을 것이라 여호와께서 소리를 발하시면 자손들이 서편에서부터 떨며 오되
HOS-13-7	호세아 13:7	사자	使者 / 獅子	그러므로 내가 저희에게 사자 같고 길 가에서 기다리는 표범 같으니라
JOL-1-6	요엘 1:6	사자	使者 / 獅子	한 이족이 내 땅에 올라왔음이로다 그들은 강하고 무수하며 그 이는 사자의 이 같고 그 어금니는 암사자의 어금니 같도다
AMO-3-4	아모스 3:4	사자	使者 / 獅子	사자가 움킨 것이 없고야 어찌 수풀에서 부르짖겠으며 젊은 사자가 잡은 것이 없고야 어찌 굴에서 소리를 내겠느냐
AMO-3-8	아모스 3:8	사자	使者 / 獅子	사자가 부르짖은즉 누가 두려워하지 아니하겠느냐 주 여호와께서 말씀하신즉 누가 예언하지 아니하겠느냐
AMO-3-12	아모스 3:12	사자	使者 / 獅子	여호와께서 가라사대 목자가 사자 입에서 양의 두 다리나 귀 조각을 건져냄과 같이 사마리아에서 침상 모퉁이에나 걸상에 비단 방석에 앉은 이스라엘 자손이 건져냄을 입으리라
AMO-5-19	아모스 5:19	사자	使者 / 獅子	마치 사람이 사자를 피하다가 곰을 만나거나 혹 집에 들어가서 손을 벽에 대었다가 뱀에게 물림 같도다
OBA-1-1	오바댜 1:1	사자	使者 / 獅子	오바댜의 묵시라 주 여호와께서 에돔에 대하여 이같이 말씀하시니라 우리가 여호와께로 말미암아 소식을 들었나니 곧 사자가 열국 중에 보내심을 받고 이르기를 너희는 일어날찌어다 우리가 일어나서 그로 더불어 싸우자 하는 것이니라
MIC-5-8	미가 5:8	사자	使者 / 獅子	야곱의 남은 자는 열국 중과 여러 백성 중에 있으리니 그들은 수풀의 짐승 중의 사자 같고 양떼 중의 젊은 사자 같아서 만일 지나간즉 밟고 찢으리니 능히 구원할 자가 없을 것이라
MIC-6-8	미가 6:8	인자	仁慈 / 人子	사람아 주께서 선한 것이 무엇임을 네게 보이셨나니 여호와께서 네게 구하시는 것이 오직 공의를 행하며 인자를 사랑하며 겸손히 네 하나님과 함께 행하는 것이 아니냐
NAM-2-11	나훔 2:11	사자	使者 / 獅子	이제 사자의 굴이 어디뇨 젊은 사자의 먹는 곳이 어디뇨 전에는 수사자 암사자가 그 새끼 사자와 함께 거기서 다니되 그것들을 두렵게 할 자가 없었으며
NAM-2-13	나훔 2:13	사자	使者 / 獅子	만군의 여호와의 말씀에 내가 네 대적이 되어 너의 병거들을 살라 연기가 되게 하고 너의 젊은 사자들을 칼로 멸할 것이며 내가 또 너의 노략한 것을 땅에서 끊으리니 너의 파견자의 목소리가 다시는 들리지 아니하리라 하셨느니라
ZEP-3-3	스바냐 3:3	사자	使者 / 獅子	그 가운데 방백들은 부르짖는 사자요 그 재판장들은 이튿날까지 남겨 두는 것이 없는 저녁 이리요
HAG-1-13	학개 1:13	사자	使者 / 獅子	때에 여호와의 사자 학개가 여호와의 명을 의지하여 백성에게 고하여 가로되 나 여호와가 말하노니 내가 너희와 함께하노라 하셨느니라 하니라
ZEC-1-11	스가랴 1:11	사자	使者 / 獅子	그들이 화석류나무 사이에 선 여호와의 사자에게 고하되 우리가 땅에 두루 다녀보니 온 땅이 평안하여 정온하더이다
ZEC-1-12	스가랴 1:12	사자	使者 / 獅子	여호와의 사자가 응하여 가로되 만군의 여호와여 여호와께서 언제까지 예루살렘과 유다 성읍들을 긍휼히 여기지 아니하시려나이까 이를 노하신지 칠십년이 되었나이다 하매
ZEC-3-1	스가랴 3:1	사자	使者 / 獅子	대제사장 여호수아는 여호와의 사자 앞에 섰고 사단은 그의 우편에 서서 그를 대적하는 것을 여호와께서 내게 보이시니라
ZEC-3-5	스가랴 3:5	사자	使者 / 獅子	내가 말하되 정한 관을 그 머리에 씌우소서 하매 곧 정한 관을 그 머리에 씌우며 옷을 입히고 여호와의 사자는 곁에 섰더라
ZEC-3-6	스가랴 3:6	사자	使者 / 獅子	여호와의 사자가 여호수아에게 증거하여 가로되
ZEC-11-3	스가랴 11:3	사자	使者 / 獅子	목자의 곡하는 소리가 남이여 그 영화로운 것이 훼멸되었음이로다 어린 사자의 부르짖는 소리가 남이여 이는 요단의 자랑이 황무하였음이로다
ZEC-12-8	스가랴 12:8	사자	使者 / 獅子	그 날에 여호와가 예루살렘 거민을 보호하리니 그 중에 약한 자가 그 날에는 다윗 같겠고 다윗의 족속은 하나님 같고 무리 앞에 있는 여호와의 사자 같을 것이라
MAL-2-7	말라기 2:7	사자	使者 / 獅子	대저 제사장의 입술은 지식을 지켜야 하겠고 사람들이 그 입에서 율법을 구하게 되어야 할 것이니 제사장은 만군의 여호와의 사자가 됨이어늘
MAL-3-1	말라기 3:1	사자	使者 / 獅子	만군의 여호와가 이르노라 보라 내가 내 사자를 보내리니 그가 내 앞에서 길을 예비할 것이요 또 너희의 구하는바 주가 홀연히 그 전에 임하리니 곧 너희의 사모하는바 언약의 사자가 임할 것이라
MAT-1-20	마태복음 1:20	사자	使者 / 獅子	이 일을 생각할 때에 주의 사자가 현몽하여 가로되 다윗의 자손 요셉아 네 아내 마리아 데려오기를 무서워 말라 저에게 잉태된 자는 성령으로 된 것이라
MAT-1-24	마태복음 1:24	사자	使者 / 獅子	요셉이 잠을 깨어 일어나서 주의 사자의 분부대로 행하여 그 아내를 데려왔으나
MAT-2-13	마태복음 2:13	사자	使者 / 獅子	저희가 떠난 후에 주의 사자가 요셉에게 현몽하여 가로되 헤롯이 아기를 찾아 죽이려하니 일어나 아기와 그의 모친을 데리고 애굽으로 피하여 내가 네게 이르기까지 거기 있으라 하시니
MAT-2-19	마태복음 2:19	사자	使者 / 獅子	헤롯이 죽은 후에 주의 사자가 애굽에서 요셉에게 현몽하여 가로되
MAT-4-6	마태복음 4:6	사자	使者 / 獅子	가로되 네가 만일 하나님의 아들이어든 뛰어내리라 기록하였으되 저가 너를 위하여 그 사자들을 명하시리니 저희가 손으로 너를 받들어 발이 돌에 부딪히지 않게 하리로다 하였느니라
MAT-8-20	마태복음 8:20	인자	仁慈 / 人子	예수께서 이르시되 여우도 굴이 있고 공중의 새도 거처가 있으되 오직 인자는 머리 둘 곳이 없다 하시더라
MAT-9-6	마태복음 9:6	인자	仁慈 / 人子	그러나 인자가 세상에서 죄를 사하는 권세가 있는 줄을 너희로 알게 하려 하노라 하시고 중풍병자에게 말씀하시되 일어나 네 침상을 가지고 집으로 가라 하시니
MAT-10-23	마태복음 10:23	인자	仁慈 / 人子	이 동네에서 너희를 핍박하거든 저 동네로 피하라 내가 진실로 너희에게 이르노니 이스라엘의 모든 동네를 다 다니지 못하여서 인자가 오리라
MAT-11-10	마태복음 11:10	사자	使者 / 獅子	기록된바 보라 내가 내 사자를 네 앞에 보내노니 저가 네 길을 네 앞에 예비하리라 하신 것이 이 사람에 대한 말씀이니라
MAT-11-19	마태복음 11:19	인자	仁慈 / 人子	인자는 와서 먹고 마시매 말하기를 보라 먹기를 탐하고 포도주를 즐기는 사람이요 세리와 죄인의 친구로다 하니 지혜는 그 행한 일로 인하여 옳다 함을 얻느니라
MAT-12-8	마태복음 12:8	인자	仁慈 / 人子	인자는 안식일의 주인이니라 하시니라
MAT-12-32	마태복음 12:32	인자	仁慈 / 人子	또 누구든지 말로 인자를 거역하면 사하심을 얻되 누구든지 말로 성령을 거역하면 이 세상과 오는 세상에도 사하심을 얻지 못하리라
MAT-12-40	마태복음 12:40	인자	仁慈 / 人子	요나가 밤낮 사흘을 큰 물고기 뱃속에 있었던것 같이 인자도 밤낮 사흘을 땅속에 있으리라
MAT-13-37	마태복음 13:37	인자	仁慈 / 人子	대답하여 가라사대 좋은 씨를 뿌리는 이는 인자요
MAT-13-41	마태복음 13:41	인자	仁慈 / 人子	인자가 그 천사들을 보내리니 저희가 그 나라에서 모든 넘어지게 하는 것과 또 불법을 행하는 자들을 거두어 내어
MAT-16-13	마태복음 16:13	인자	仁慈 / 人子	예수께서 가이사랴 빌립보 지방에 이르러 제자들에게 물어 가라사대 사람들이 인자를 누구라 하느냐
MAT-16-27	마태복음 16:27	인자	仁慈 / 人子	인자가 아버지의 영광으로 그 천사들과 함께 오리니 그 때에 각 사람의 행한대로 갚으리라
MAT-16-28	마태복음 16:28	인자	仁慈 / 人子	진실로 너희에게 이르노니 여기 섰는 사람 중에 죽기 전에 인자가 그 왕권을 가지고 오는 것을 볼 자들도 있느니라
MAT-17-9	마태복음 17:9	인자	仁慈 / 人子	저희가 산에서 내려올 때에 예수께서 명하여 가라사대 인자가 죽은 자 가운데서 살아나기 전에는 본것을 아무에게도 이르지 말라 하시니
MAT-17-12	마태복음 17:12	인자	仁慈 / 人子	내가 너희에게 말하노니 엘리야가 이미 왔으되 사람들이 알지 못하고 임의로 대우하였도다 인자도 이와 같이 그들에게 고난을 받으리라 하시니
MAT-17-22	마태복음 17:22	인자	仁慈 / 人子	갈릴리에 모일 때에 예수께서 제자들에게 이르시되 인자가 장차 사람들의 손에 넘기워
MAT-19-28	마태복음 19:28	인자	仁慈 / 人子	예수께서 가라사대 내가 진실로 너희에게 이르노니 세상이 새롭게 되어 인자가 자기 영광의 보좌에 앉을 때에 나를 좇는 너희도 열 두 보좌에 앉아 이스라엘 열 두 지파를 심판하리라
MAT-20-18	마태복음 20:18	인자	仁慈 / 人子	보라 우리가 예루살렘으로 올라가노니 인자가 대제사장들과 서기관들에게 넘기우매 저희가 죽이기로 결안하고
MAT-20-28	마태복음 20:28	인자	仁慈 / 人子	인자가 온것은 섬김을 받으려 함이 아니라 도리어 섬기려 하고 자기 목숨을 많은 사람의 대속물로 주려 함이니라
MAT-24-27	마태복음 24:27	인자	仁慈 / 人子	번개가 동편에서 나서 서편까지 번쩍임 같이 인자의 임함도 그러하리라
MAT-24-30	마태복음 24:30	인자	仁慈 / 人子	그 때에 인자의 징조가 하늘에서 보이겠고 그 때에 땅의 모든 족속들이 통곡하며 그들이 인자가 구름을 타고 능력과 큰 영광으로 오는 것을 보리라
MAT-24-33	마태복음 24:33	인자	仁慈 / 人子	이와 같이 너희도 이 모든 일을 보거든 인자가 가까이 곧 문앞에 이른줄 알라
MAT-24-37	마태복음 24:37	인자	仁慈 / 人子	노아의 때와 같이 인자의 임함도 그러하리라
MAT-24-39	마태복음 24:39	인자	仁慈 / 人子	홍수가 나서 저희를 다 멸하기까지 깨닫지 못하였으니 인자의 임함도 이와 같으리라
MAT-24-44	마태복음 24:44	인자	仁慈 / 人子	이러므로 너희도 예비하고 있으라 생각지 않은 때에 인자가 오리라
MAT-25-31	마태복음 25:31	인자	仁慈 / 人子	인자가 자기 영광으로 모든 천사와 함께 올때에 자기 영광의 보좌에 앉으리니
MAT-25-41	마태복음 25:41	사자	使者 / 獅子	또 왼편에 있는 자들에게 이르시되 저주를 받은 자들아 나를 떠나 마귀와 그 사자들을 위하여 예비된 영영한 불에 들어가라
MAT-26-2	마태복음 26:2	인자	仁慈 / 人子	너희의 아는 바와 같이 이틀을 지나면 유월절이라 인자가 십자가에 못 박히기 위하여 팔리우리라 하시더라
MAT-26-24	마태복음 26:24	인자	仁慈 / 人子	인자는 자기에게 대하여 기록된대로 가거니와 인자를 파는 그 사람에게는 화가 있으리로다 그 사람은 차라리 나지 아니 하였더면 제게 좋을뻔 하였느니라
MAT-26-45	마태복음 26:45	인자	仁慈 / 人子	이에 제자들에게 오사 이르시되 이제는 자고 쉬라 보라 때가 가까왔으니 인자가 죄인의 손에 팔리우느니라
MAT-26-64	마태복음 26:64	인자	仁慈 / 人子	예수께서 가라사대 네가 말하였느니라 그러나 내가 너희에게 이르노니 이 후에 인자가 권능의 우편에 앉은 것과 하늘 구름을 타고 오는 것을 너희가 보리라 하시니
MRK-1-2	마가복음 1:2	사자	使者 / 獅子	선지자 이사야의 글에 보라 내가 내 사자를 네 앞에 보내노니 저가 네 길을 예비하리라
MRK-2-10	마가복음 2:10	인자	仁慈 / 人子	그러나 인자가 땅에서 죄를 사하는 권세가 있는 줄을 너희로 알게 하려하노라 하시고 중풍병자에게 말씀하시되
MRK-2-28	마가복음 2:28	인자	仁慈 / 人子	이러므로 인자는 안식일에도 주인이니라
MRK-8-31	마가복음 8:31	인자	仁慈 / 人子	인자가 많은 고난을 받고 장로들과 대제사장들과 서기관들에게 버린바 되어 죽임을 당하고 사흘만에 살아나야 할것을 비로소 저희에게 가르치시되
MRK-8-38	마가복음 8:38	인자	仁慈 / 人子	누구든지 이 음란하고 죄 많은 세대에서 나와 내 말을 부끄러워하면 인자도 아버지의 영광으로 거룩한 천사들과 함께 올 때에 그 사람을 부끄러워하리라
MRK-9-9	마가복음 9:9	인자	仁慈 / 人子	저희가 산에서 내려 올 때에 예수께서 경계하시되 인자가 죽은 자 가운데서 살아날 때까지는 본 것을 아무에게도 이르지 말라 하시니
MRK-9-12	마가복음 9:12	인자	仁慈 / 人子	가라사대 엘리야가 과연 먼저 와서 모든 것을 회복하거니와 어찌 인자에 대하여 기록하기를 많은 고난을 받고 멸시를 당하리라 하였느냐
MRK-9-31	마가복음 9:31	인자	仁慈 / 人子	이는 제자들을 가르치시며 또 인자가 사람들의 손에 넘기워 죽임을 당하고 죽은지 삼 일만에 살아나리라는 것을 말씀하시는 연고더라
MRK-10-33	마가복음 10:33	인자	仁慈 / 人子	보라 우리가 예루살렘에 올라가노니 인자가 대제사장들과 서기관들에게 넘기우매 저희가 죽이기로 결안하고 이방인들에게 넘겨주겠고
MRK-10-45	마가복음 10:45	인자	仁慈 / 人子	인자의 온 것은 섬김을 받으려 함이 아니라 도리어 섬기려 하고 자기 목숨을 많은 사람의 대속물로 주려 함이니라
MRK-13-26	마가복음 13:26	인자	仁慈 / 人子	그 때에 인자가 구름을 타고 큰 권능과 영광으로 오는 것을 사람들이 보리라
MRK-13-29	마가복음 13:29	인자	仁慈 / 人子	이와 같이 너희가 이런 일이 나는 것을 보거든 인자가 가까이 곧 문앞에 이른 줄을 알라
MRK-14-21	마가복음 14:21	인자	仁慈 / 人子	인자는 자기에게 대하여 기록된대로 가거니와 인자를 파는 그 사람에게는 화가 있으리로다 그 사람은 차라리 나지 아니하였더면 제게 좋을뻔하였느니라 하시니라
MRK-14-41	마가복음 14:41	인자	仁慈 / 人子	세번째 오사 저희에게 이르시되 이제는 자고 쉬라 그만이다 때가 왔도다 보라 인자가 죄인의 손에 팔리우느니라
MRK-14-62	마가복음 14:62	인자	仁慈 / 人子	예수께서 이르시되 내가 그니라 인자가 권능자의 우편에 앉은 것과 하늘 구름을 타고 오는 것을 너희가 보리라 하시니
LUK-1-11	누가복음 1:11	사자	使者 / 獅子	주의 사자가 저에게 나타나 향단 우편에 선지라
LUK-2-9	누가복음 2:9	사자	使者 / 獅子	주의 사자가 곁에 서고 주의 영광이 저희를 두루 비취매 크게 무서워하는지라
LUK-4-10	누가복음 4:10	사자	使者 / 獅子	기록하였으되 하나님이 너를 위하여 그 사자들을 명하사 너를 지키게 하시리라 하였고
LUK-5-24	누가복음 5:24	인자	仁慈 / 人子	그러나 인자가 땅에서 죄를 사하는 권세가 있는 줄을 너희로 알게 하리라 하시고 중풍병자에게 말씀하시되 내가 네게 이르노니 일어나 네 침상을 가지고 집으로 가라 하시매
LUK-6-5	누가복음 6:5	인자	仁慈 / 人子	또 가라사대 인자는 안식일의 주인이니라 하시더라
LUK-6-22	누가복음 6:22	인자	仁慈 / 人子	인자를 인하여 사람들이 너희를 미워하며 멀리하고 욕하고 너희 이름을 악하다 하여 버릴 때에는 너희에게 복이 있도다
LUK-6-35	누가복음 6:35	인자	仁慈 / 人子	오직 너희는 원수를 사랑하고 선대하며 아무 것도 바라지 말고 빌리라 그리하면 너희 상이 클 것이요 또 지극히 높으신 이의 아들이 되리니 그는 은혜를 모르는 자와 악한 자에게도 인자로우시니라
LUK-7-27	누가복음 7:27	사자	使者 / 獅子	기록된바 보라 내가 내 사자를 네 앞에 보내노니 그가 네 앞에서 네 길을 예비하리라 한 것이 이 사람에 대한 말씀이라
LUK-7-34	누가복음 7:34	인자	仁慈 / 人子	인자는 와서 먹고 마시매 너희 말이 보라 먹기를 탐하고 포도주를 즐기는 사람이요 세리와 죄인의 친구로다 하니
LUK-9-22	누가복음 9:22	인자	仁慈 / 人子	가라사대 인자가 많은 고난을 받고 장로들과 대제사장들과 서기관들에게 버린바 되어 죽임을 당하고 제 삼일에 살아나야 하리라 하시고
LUK-9-26	누가복음 9:26	인자	仁慈 / 人子	누구든지 나와 내 말을 부끄러워하면 인자도 자기와 아버지와 거룩한 천사들의 영광으로 올 때에 그 사람을 부끄러워하리라
LUK-9-44	누가복음 9:44	인자	仁慈 / 人子	이 말을 너희 귀에 담아 두라 인자가 장차 사람들의 손에 넘기우리라 하시되
LUK-9-52	누가복음 9:52	사자	使者 / 獅子	사자들을 앞서 보내시매 저희가 가서 예수를 위하여 예비하려고 사마리아인의 한 촌에 들어갔더니
LUK-9-58	누가복음 9:58	인자	仁慈 / 人子	예수께서 가라사대 여우도 굴이 있고 공중의 새도 집이 있으되 인자는 머리 둘 곳이 없도다 하시고
LUK-11-30	누가복음 11:30	인자	仁慈 / 人子	요나가 니느웨 사람들에게 표적이 됨과 같이 인자도 이 세대에 그러하리라
LUK-12-8	누가복음 12:8	인자	仁慈 / 人子	내가 또한 너희에게 말하노니 누구든지 사람 앞에서 나를 시인하면 인자도 하나님의 사자들 앞에서 저를 시인할 것이요
LUK-12-8	누가복음 12:8	사자	使者 / 獅子	내가 또한 너희에게 말하노니 누구든지 사람 앞에서 나를 시인하면 인자도 하나님의 사자들 앞에서 저를 시인할 것이요
LUK-12-9	누가복음 12:9	사자	使者 / 獅子	사람 앞에서 나를 부인하는 자는 하나님의 사자들 앞에서 부인함을 받으리라
LUK-12-10	누가복음 12:10	인자	仁慈 / 人子	누구든지 말로 인자를 거역하면 사하심을 받으려니와 성령을 모독하는 자는 사하심을 받지 못하리라
LUK-12-40	누가복음 12:40	인자	仁慈 / 人子	이러므로 너희도 예비하고 있으라 생각지 않은 때에 인자가 오리라 하시니라
LUK-15-10	누가복음 15:10	사자	使者 / 獅子	내가 너희에게 이르노니 이와 같이 죄인 하나가 회개하면 하나님의 사자들 앞에 기쁨이 되느니라
LUK-17-22	누가복음 17:22	인자	仁慈 / 人子	또 제자들에게 이르시되 때가 이르리니 너희가 인자의 날 하루를 보고자 하되 보지 못하리라
LUK-17-24	누가복음 17:24	인자	仁慈 / 人子	번개가 하늘 아래 이편에서 번뜻하여 하늘 아래 저편까지 비췸 같이 인자도 자기 날에 그러하리라
LUK-17-26	누가복음 17:26	인자	仁慈 / 人子	노아의 때에 된 것과 같이 인자의 때에도 그러하리라
LUK-17-30	누가복음 17:30	인자	仁慈 / 人子	인자의 나타나는 날에도 이러하리라
LUK-18-8	누가복음 18:8	인자	仁慈 / 人子	내가 너희에게 이르노니 속히 그 원한을 풀어 주시리라 그러나 인자가 올 때에 세상에서 믿음을 보겠느냐 하시니라
LUK-18-31	누가복음 18:31	인자	仁慈 / 人子	예수께서 열 두 제자를 데리시고 이르시되 보라 우리가 예루살렘으로 올라가노니 선지자들로 기록된 모든 것이 인자에게 응하리라
LUK-18-32	누가복음 18:32	인자	仁慈 / 人子	인자가 이방인들에게 넘기워 희롱을 받고 능욕을 받고 침 뱉음을 받겠으며
LUK-19-10	누가복음 19:10	인자	仁慈 / 人子	인자의 온 것은 잃어버린 자를 찾아 구원하려 함이니라
LUK-19-14	누가복음 19:14	사자	使者 / 獅子	그런데 그 백성이 저를 미워하여 사자를 뒤로 보내어 가로되 우리는 이 사람이 우리의 왕 됨을 원치 아니하노이다 하였더라
LUK-21-27	누가복음 21:27	인자	仁慈 / 人子	그 때에 사람들이 인자가 구름을 타고 능력과 큰 영광으로 오는 것을 보리라
LUK-21-36	누가복음 21:36	인자	仁慈 / 人子	이러므로 너희는 장차 올 이 모든 일을 능히 피하고 인자 앞에 서도록 항상 기도하며 깨어 있으라 하시니라
LUK-22-22	누가복음 22:22	인자	仁慈 / 人子	인자는 이미 작정된 대로 가거니와 그를 파는 그 사람에게는 화가 있으리로다 하시니
LUK-22-43	누가복음 22:43	사자	使者 / 獅子	사자가 하늘로부터 예수께 나타나 힘을 돕더라
LUK-22-48	누가복음 22:48	인자	仁慈 / 人子	예수께 입을 맞추려고 가까이 하는지라 예수께서 이르시되 유다야 네가 입맞춤으로 인자를 파느냐 하시니
LUK-22-69	누가복음 22:69	인자	仁慈 / 人子	그러나 이제 후로는 인자가 하나님의 권능의 우편에 앉아 있으리라 하시니
LUK-24-7	누가복음 24:7	인자	仁慈 / 人子	이르시기를 인자가 죄인의 손에 넘기워 십자가에 못 박히고 제 삼일에 다시 살아나야 하리라 하셨느니라 한대
JHN-1-51	요한복음 1:51	사자	使者 / 獅子	또 가라사대 진실로 진실로 너희에게 이르노니 하늘이 열리고 하나님의 사자들이 인자 위에 오르락 내리락하는 것을 보리라 하시니라
JHN-1-51	요한복음 1:51	인자	仁慈 / 人子	또 가라사대 진실로 진실로 너희에게 이르노니 하늘이 열리고 하나님의 사자들이 인자 위에 오르락 내리락하는 것을 보리라 하시니라
JHN-3-13	요한복음 3:13	인자	仁慈 / 人子	하늘에서 내려온 자 곧 인자 외에는 하늘에 올라간 자가 없느니라
JHN-3-14	요한복음 3:14	인자	仁慈 / 人子	모세가 광야에서 뱀을 든것 같이 인자도 들려야 하리니
JHN-5-27	요한복음 5:27	인자	仁慈 / 人子	또 인자됨을 인하여 심판하는 권세를 주셨느니라
JHN-6-27	요한복음 6:27	인자	仁慈 / 人子	썩는 양식을 위하여 일하지 말고 영생하도록 있는 양식을 위하여 하라 이 양식은 인자가 너희에게 주리니 인자는 아버지 하나님의 인치신 자니라
JHN-6-53	요한복음 6:53	인자	仁慈 / 人子	예수께서 이르시되 내가 진실로 진실로 너희에게 이르노니 인자의 살을 먹지 아니하고 인자의 피를 마시지 아니하면 너희 속에 생명이 없느니라
JHN-6-62	요한복음 6:62	인자	仁慈 / 人子	그러면 너희가 인자의 이전 있던 곳으로 올라가는 것을 볼것 같으면 어찌 하려느냐
JHN-8-28	요한복음 8:28	인자	仁慈 / 人子	이에 예수께서 가라사대 너희는 인자를 든 후에 내가 그인 줄을 알고 또 내가 스스로 아무 것도 하지 아니하고 오직 아버지께서 가르치신대로 이런 것을 말하는 줄도 알리라
JHN-9-35	요한복음 9:35	인자	仁慈 / 人子	예수께서 저희가 그 사람을 쫓아냈다 하는 말을 들으셨더니 그를 만나사 가라사대 네가 인자를 믿느냐
JHN-12-23	요한복음 12:23	인자	仁慈 / 人子	예수께서 대답하여 가라사대 인자의 영광을 얻을 때가 왔도다
JHN-12-34	요한복음 12:34	인자	仁慈 / 人子	이에 무리가 대답하되 우리는 율법에서 그리스도가 영원히 계신다 함을 들었거늘 너는 어찌하여 인자가 들려야 하리라 하느냐 이 인자는 누구냐
JHN-13-31	요한복음 13:31	인자	仁慈 / 人子	저가 나간 후에 예수께서 가라사대 지금 인자가 영광을 얻었고 하나님도 인자를 인하여 영광을 얻으셨도다
ACT-5-19	사도행전 5:19	사자	使者 / 獅子	주의 사자가 밤에 옥문을 열고 끌어내어 가로되
ACT-7-56	사도행전 7:56	인자	仁慈 / 人子	말하되 보라 하늘이 열리고 인자가 하나님 우편에 서신 것을 보노라 한대
ACT-8-26	사도행전 8:26	사자	使者 / 獅子	주의 사자가 빌립더러 일러 가로되 일어나서 남으로 향하여 예루살렘에서 가사로 내려가는 길까지 가라 하니 그 길은 광야라
ACT-10-3	사도행전 10:3	사자	使者 / 獅子	하루는 제 구시쯤 되어 환상 중에 밝히 보매 하나님의 사자가 들어와 가로되 고넬료야 하니
ACT-12-7	사도행전 12:7	사자	使者 / 獅子	홀연히 주의 사자가 곁에 서매 옥중에 광채가 조요하며 또 베드로의 옆구리를 쳐 깨워 가로되 급히 일어나라 하니 쇠사슬이 그 손에서 벗어지더라
ACT-12-23	사도행전 12:23	사자	使者 / 獅子	헤롯이 영광을 하나님께로 돌리지 아니하는고로 주의 사자가 곧 치니 충이 먹어 죽으니라
ACT-27-23	사도행전 27:23	사자	使者 / 獅子	나의 속한바 곧 나의 섬기는 하나님의 사자가 어제 밤에 내 곁에 서서 말하되
ROM-11-22	로마서 11:22	인자	仁慈 / 人子	그러므로 하나님의 인자와 엄위를 보라 넘어지는 자들에게는 엄위가 있으니 너희가 만일 하나님의 인자에 거하면 그 인자가 너희에게 있으리라 그렇지 않으면 너도 찍히는바 되리라
ROM-13-4	로마서 13:4	사자	使者 / 獅子	그는 하나님의 사자가 되어 네게 선을 이루는 자니라 그러나 네가 악을 행하거든 두려워하라 그가 공연히 칼을 가지지 아니하였으니 곧 하나님의 사자가 되어 악을 행하는 자에게 진노하심을 위하여 보응하는 자니라
2CO-8-23	고린도후서 8:23	사자	使者 / 獅子	디도로 말하면 나의 동무요 너희를 위한 나의 동역자요 우리 형제들로 말하면 여러 교회의 사자들이요 그리스도의 영광이니라
2CO-12-7	고린도후서 12:7	사자	使者 / 獅子	여러 계시를 받은 것이 지극히 크므로 너무 자고하지 않게 하시려고 내 육체에 가시 곧 사단의 사자를 주셨으니 이는 나를 쳐서 너무 자고하지 않게 하려 하심이니라
PHP-2-25	빌립보서 2:25	사자	使者 / 獅子	그러나 에바브로디도를 너희에게 보내는 것이 필요한 줄로 생각하노니 그는 나의 형제요 함께 수고하고 함께 군사된 자요 너희 사자로 나의 쓸 것을 돕는 자라
2TI-4-17	디모데후서 4:17	사자	使者 / 獅子	주께서 내 곁에 서서 나를 강건케 하심은 나로 말미암아 전도의 말씀이 온전히 전파되어 이방인으로 듣게 하려 하심이니 내가 사자의 입에서 건지웠느니라
HEB-2-6	히브리서 2:6	인자	仁慈 / 人子	오직 누가 어디 증거하여 가로되 사람이 무엇이관대 주께서 저를 생각하시며 인자가 무엇이관대 주께서 저를 권고하시나이까
HEB-11-33	히브리서 11:33	사자	使者 / 獅子	저희가 믿음으로 나라들을 이기기도 하며 의를 행하기도 하며 약속을 받기도 하며 사자들의 입을 막기도 하며
JAS-2-25	야고보서 2:25	사자	使者 / 獅子	또 이와 같이 기생 라합이 사자를 접대하여 다른 길로 나가게 할 때에 행함으로 의롭다 하심을 받은 것이 아니냐
1PE-5-8	베드로전서 5:8	사자	使者 / 獅子	근신하라 깨어라 너희 대적 마귀가 우는 사자 같이 두루 다니며 삼킬 자를 찾나니
REV-1-13	요한계시록 1:13	인자	仁慈 / 人子	촛대 사이에 인자 같은 이가 발에 끌리는 옷을 입고 가슴에 금띠를 띠고
REV-1-20	요한계시록 1:20	사자	使者 / 獅子	네 본 것은 내 오른손에 일곱 별의 비밀과 일곱 금 촛대라 일곱 별은 일곱 교회의 사자요 일곱 촛대는 일곱 교회니라
REV-2-1	요한계시록 2:1	사자	使者 / 獅子	에베소 교회의 사자에게 편지하기를 오른손에 일곱 별을 붙잡고 일곱 금 촛대 사이에 다니시는 이가 가라사대
REV-2-8	요한계시록 2:8	사자	使者 / 獅子	서머나 교회의 사자에게 편지하기를 처음이요 나중이요 죽었다가 살아나신 이가 가라사대
REV-2-12	요한계시록 2:12	사자	使者 / 獅子	버가모 교회의 사자에게 편지하기를 좌우에 날선 검을 가진 이가 가라사대
REV-2-18	요한계시록 2:18	사자	使者 / 獅子	두아디라 교회의 사자에게 편지하기를 그 눈이 불꽃 같고 그 발이 빛난 주석과 같은 하나님의 아들이 가라사대
REV-3-1	요한계시록 3:1	사자	使者 / 獅子	사데 교회의 사자에게 편지하기를 하나님의 일곱 영과 일곱 별을 가진이가 가라사대 내가 네 행위를 아노니 네가 살았다 하는 이름은 가졌으나 죽은 자로다
REV-3-7	요한계시록 3:7	사자	使者 / 獅子	빌라델비아 교회의 사자에게 편지하기를 거룩하고 진실하사 다윗의 열쇠를 가지신 이 곧 열면 닫을 사람이 없고 닫으면 열 사람이 없는 그이가 가라사대
REV-3-14	요한계시록 3:14	사자	使者 / 獅子	라오디게아 교회의 사자에게 편지하기를 아멘이시요 충성되고 참된 증인이시요 하나님의 창조의 근본이신 이가 가라사대
REV-4-7	요한계시록 4:7	사자	使者 / 獅子	그 첫째 생물은 사자 같고 그 둘째 생물은 송아지 같고 그 세째 생물은 얼굴이 사람 같고 그 네째 생물은 날아가는 독수리 같은데
REV-5-5	요한계시록 5:5	사자	使者 / 獅子	장로 중에 하나가 내게 말하되 울지 말라 유대 지파의 사자 다윗의 뿌리가 이기었으니 이 책과 그 일곱 인을 떼시리라 하더라
REV-9-8	요한계시록 9:8	사자	使者 / 獅子	또 여자의 머리털 같은 머리털이 있고 그 이는 사자의 이 같으며
REV-9-11	요한계시록 9:11	사자	使者 / 獅子	저희에게 임금이 있으니 무저갱의 사자라 히브리 음으로 이름은 아바돈이요 헬라 음으로 이름은 아볼루온이더라
REV-9-17	요한계시록 9:17	사자	使者 / 獅子	이같이 이상한 가운데 그 말들과 그 탄 자들을 보니 불빛과 자주빛과 유황빛 흉갑이 있고 또 말들의 머리는 사자 머리 같고 그 입에서는 불과 연기와 유황이 나오더라
REV-10-3	요한계시록 10:3	사자	使者 / 獅子	사자의 부르짖는것 같이 큰 소리로 외치니 외칠 때에 일곱 우뢰가 그 소리를 발하더라
REV-12-7	요한계시록 12:7	사자	使者 / 獅子	하늘에 전쟁이 있으니 미가엘과 그의 사자들이 용으로 더불어 싸울쌔 용과 그의 사자들도 싸우나
REV-12-9	요한계시록 12:9	사자	使者 / 獅子	큰 용이 내어 쫓기니 옛 뱀 곧 마귀라고도 하고 사단이라고도 하는 온 천하를 꾀는 자라 땅으로 내어 쫓기니 그의 사자들도 저와 함께 내어 쫓기니라
REV-13-2	요한계시록 13:2	사자	使者 / 獅子	내가 본 짐승은 표범과 비슷하고 그 발은 곰의 발 같고 그 입은 사자의 입 같은데 용이 자기의 능력과 보좌와 큰 권세를 그에게 주었더라
REV-22-16	요한계시록 22:16	사자	使者 / 獅子	나 예수는 교회들을 위하여 내 사자를 보내어 이것들을 너희에게 증거하게 하였노라 나는 다윗의 뿌리요 자손이니 곧 광명한 새벽별이라 하시더라